ID,CIK,Company Name,Date Filed,Filename,Form Type,URL,Attributes,Values
1,35315,FIDELITY FIXED INCOME TRUST,6/27/2003,edgar/data/35315/0000035315-03-000001.txt,N-CSR,https://www.sec.gov/Archives/edgar/data/35315/0000035315-03-000001.txt,CDS Text,"Receive from Morgan Stanley, Inc., upon default of Vornado Realty Trust, par value of the
notional amount of Vornado Realty Trust 5.625% 6/15/07, and pay quarterly notional
multiplied by 1.37%"
1,35315,FIDELITY FIXED INCOME TRUST,6/27/2003,edgar/data/35315/0000035315-03-000001.txt,N-CSR,https://www.sec.gov/Archives/edgar/data/35315/0000035315-03-000001.txt,"Expiration
Date",7-Jun
1,35315,FIDELITY FIXED INCOME TRUST,6/27/2003,edgar/data/35315/0000035315-03-000001.txt,N-CSR,https://www.sec.gov/Archives/edgar/data/35315/0000035315-03-000001.txt,"Notional
Amount (000s)","$	4,475"
1,35315,FIDELITY FIXED INCOME TRUST,6/27/2003,edgar/data/35315/0000035315-03-000001.txt,N-CSR,https://www.sec.gov/Archives/edgar/data/35315/0000035315-03-000001.txt,"Unrealized
Appreciation/
(Depreciation)
(000s)","$	15"
1,35315,FIDELITY FIXED INCOME TRUST,6/27/2003,edgar/data/35315/0000035315-03-000001.txt,N-CSR,https://www.sec.gov/Archives/edgar/data/35315/0000035315-03-000001.txt,CDS Text,"Receive from Morgan Stanley, Inc., upon default of Vornado Realty Trust, par value of the
notional amount of Vornado Realty Trust 5.625% 6/15/07, and pay quarterly notional
multiplied by 1.37%"
1,35315,FIDELITY FIXED INCOME TRUST,6/27/2003,edgar/data/35315/0000035315-03-000001.txt,N-CSR,https://www.sec.gov/Archives/edgar/data/35315/0000035315-03-000001.txt,"Expiration
Date",7-Jun
1,35315,FIDELITY FIXED INCOME TRUST,6/27/2003,edgar/data/35315/0000035315-03-000001.txt,N-CSR,https://www.sec.gov/Archives/edgar/data/35315/0000035315-03-000001.txt,"Notional
Amount (000s)","$	4,475"
1,35315,FIDELITY FIXED INCOME TRUST,6/27/2003,edgar/data/35315/0000035315-03-000001.txt,N-CSR,https://www.sec.gov/Archives/edgar/data/35315/0000035315-03-000001.txt,"Unrealized
Appreciation/
(Depreciation)
(000s)","$	15"
1,35315,FIDELITY FIXED INCOME TRUST,6/27/2003,edgar/data/35315/0000035315-03-000001.txt,N-CSR,https://www.sec.gov/Archives/edgar/data/35315/0000035315-03-000001.txt,CDS Text,"Receive from Morgan Stanley, Inc., upon default of Vornado Realty Trust, par value of the
notional amount of Vornado Realty Trust 5.625% 6/15/07, and pay quarterly notional
multiplied by 1.37%"
1,35315,FIDELITY FIXED INCOME TRUST,6/27/2003,edgar/data/35315/0000035315-03-000001.txt,N-CSR,https://www.sec.gov/Archives/edgar/data/35315/0000035315-03-000001.txt,"Expiration
Date",7-Jun
1,35315,FIDELITY FIXED INCOME TRUST,6/27/2003,edgar/data/35315/0000035315-03-000001.txt,N-CSR,https://www.sec.gov/Archives/edgar/data/35315/0000035315-03-000001.txt,"Notional
Amount (000s)","$	4,475"
1,35315,FIDELITY FIXED INCOME TRUST,6/27/2003,edgar/data/35315/0000035315-03-000001.txt,N-CSR,https://www.sec.gov/Archives/edgar/data/35315/0000035315-03-000001.txt,"Unrealized
Appreciation/
(Depreciation)
(000s)","$	15"
1,35315,FIDELITY FIXED INCOME TRUST,6/27/2003,edgar/data/35315/0000035315-03-000001.txt,N-CSR,https://www.sec.gov/Archives/edgar/data/35315/0000035315-03-000001.txt,CDS Text,"Receive from Morgan Stanley, Inc., upon default event of Vornado Realty Trust, par
value of the notional amount of Vornado Realty Trust 5.625% 6/15/07 and pay
quarterly notional multiplied by 1.37%"
1,35315,FIDELITY FIXED INCOME TRUST,6/27/2003,edgar/data/35315/0000035315-03-000001.txt,N-CSR,https://www.sec.gov/Archives/edgar/data/35315/0000035315-03-000001.txt,"Expiration
Date",7-Jun
1,35315,FIDELITY FIXED INCOME TRUST,6/27/2003,edgar/data/35315/0000035315-03-000001.txt,N-CSR,https://www.sec.gov/Archives/edgar/data/35315/0000035315-03-000001.txt,"Notional
Amount (000s)","$	5,575"
1,35315,FIDELITY FIXED INCOME TRUST,6/27/2003,edgar/data/35315/0000035315-03-000001.txt,N-CSR,https://www.sec.gov/Archives/edgar/data/35315/0000035315-03-000001.txt,"Unrealized
Appreciation/
(Depreciation)
(000s)","$	19"
2,1011378,UNIVERSAL INSTITUTIONAL FUNDS INC,8/28/2003,edgar/data/1011378/0001047469-03-029173.txt,N-CSRS,https://www.sec.gov/Archives/edgar/data/1011378/0001047469-03-029173.txt,NA,NA
3,1056707,DREYFUS INVESTMENT PORTFOLIOS,9/4/2003,edgar/data/1056707/0001056707-03-000013.txt,N-CSR/A,https://www.sec.gov/Archives/edgar/data/1056707/0001056707-03-000013.txt,NA,NA
4,1056707,DREYFUS INVESTMENT PORTFOLIOS,8/26/2003,edgar/data/1056707/0001056707-03-000011.txt,N-CSR,https://www.sec.gov/Archives/edgar/data/1056707/0001056707-03-000011.txt,NA,NA
5,1131013,AB FUNDS TRUST/DE,8/26/2003,edgar/data/1131013/0000893220-03-001501.txt,N-CSRS,https://www.sec.gov/Archives/edgar/data/1131013/0000893220-03-001501.txt,NA,NA
6,1160990,PIMCO CORPORATE INCOME FUND,7/2/2003,edgar/data/1160990/0001047469-03-023293.txt,N-CSR,https://www.sec.gov/Archives/edgar/data/1160990/0001047469-03-023293.txt,NA,NA
7,19469,PHOENIX SERIES FUND,7/3/2003,edgar/data/19469/0000935069-03-000889.txt,N-CSR,https://www.sec.gov/Archives/edgar/data/19469/0000935069-03-000889.txt,NA,NA
8,356494,VARIABLE INSURANCE PRODUCTS FUND,8/29/2003,edgar/data/356494/0000356494-03-000033.txt,N-CSRS,https://www.sec.gov/Archives/edgar/data/356494/0000356494-03-000033.txt,CDS Text,"Receive quarterly notional amount multiplied by .87% and pay Merrill Lynch, Inc. upon default of Raytheon Co., par
value of the notional amount of Raytheon Co. 5.375% 4/1/13"
8,356494,VARIABLE INSURANCE PRODUCTS FUND,8/29/2003,edgar/data/356494/0000356494-03-000033.txt,N-CSRS,https://www.sec.gov/Archives/edgar/data/356494/0000356494-03-000033.txt,"Expiration
Date",8-Jun
8,356494,VARIABLE INSURANCE PRODUCTS FUND,8/29/2003,edgar/data/356494/0000356494-03-000033.txt,N-CSRS,https://www.sec.gov/Archives/edgar/data/356494/0000356494-03-000033.txt,"Notional
Amount","$	5,000,000"
8,356494,VARIABLE INSURANCE PRODUCTS FUND,8/29/2003,edgar/data/356494/0000356494-03-000033.txt,N-CSRS,https://www.sec.gov/Archives/edgar/data/356494/0000356494-03-000033.txt,"Unrealized
Appreciation/
(Depreciation)","$	16,161"
9,53808,DREYFUS LAUREL FUNDS TRUST,9/3/2003,edgar/data/53808/0000717341-03-000004.txt,N-CSR,https://www.sec.gov/Archives/edgar/data/53808/0000717341-03-000004.txt,NA,NA
10,751199,FIDELITY INCOME FUND /MA/,9/26/2003,edgar/data/751199/0000751199-03-000007.txt,N-CSR,https://www.sec.gov/Archives/edgar/data/751199/0000751199-03-000007.txt,CDS Text,"Receive from Morgan Stanley, Inc., upon default of Vornado
Realty Trust, par value of the notional amount of Vornado
Realty Trust 5.625% 6/15/07, and pay quarterly notional
amount multiplied by 1.37%"
10,751199,FIDELITY INCOME FUND /MA/,9/26/2003,edgar/data/751199/0000751199-03-000007.txt,N-CSR,https://www.sec.gov/Archives/edgar/data/751199/0000751199-03-000007.txt,"Expiration
Date",7-Jun
10,751199,FIDELITY INCOME FUND /MA/,9/26/2003,edgar/data/751199/0000751199-03-000007.txt,N-CSR,https://www.sec.gov/Archives/edgar/data/751199/0000751199-03-000007.txt,"Notional
Amount","$	200,000"
10,751199,FIDELITY INCOME FUND /MA/,9/26/2003,edgar/data/751199/0000751199-03-000007.txt,N-CSR,https://www.sec.gov/Archives/edgar/data/751199/0000751199-03-000007.txt,"Unrealized
Appreciation/
(Depreciation)","$	(1,261)"
10,751199,FIDELITY INCOME FUND /MA/,9/26/2003,edgar/data/751199/0000751199-03-000007.txt,N-CSR,https://www.sec.gov/Archives/edgar/data/751199/0000751199-03-000007.txt,CDS Text,"Receive quarterly notional amount multiplied by 1.12%
and pay Morgan Stanley, Inc. upon default of Comcast
Cable Communications, Inc., par value of the notional
amount of Comcast Cable Communications, Inc. 6.75%
1/30/11"
10,751199,FIDELITY INCOME FUND /MA/,9/26/2003,edgar/data/751199/0000751199-03-000007.txt,N-CSR,https://www.sec.gov/Archives/edgar/data/751199/0000751199-03-000007.txt,,6-Jun
10,751199,FIDELITY INCOME FUND /MA/,9/26/2003,edgar/data/751199/0000751199-03-000007.txt,N-CSR,https://www.sec.gov/Archives/edgar/data/751199/0000751199-03-000007.txt,"Notional
Amount","$	400,000"
10,751199,FIDELITY INCOME FUND /MA/,9/26/2003,edgar/data/751199/0000751199-03-000007.txt,N-CSR,https://www.sec.gov/Archives/edgar/data/751199/0000751199-03-000007.txt,"Unrealized
Appreciation/
(Depreciation)","$	3,195"
11,795422,FIDELITY ADVISOR SERIES II,7/3/2003,edgar/data/795422/0000795422-03-000025.txt,N-CSR,https://www.sec.gov/Archives/edgar/data/795422/0000795422-03-000025.txt,CDS Text,"Receive from Morgan Stanley, Inc., upon default of Vornado Realty Trust, par value
of the notional amount of Vornado Realty Trust 5.625% 6/15/07 and pay
quarterly notional multiplied by 1.37%"
11,795422,FIDELITY ADVISOR SERIES II,7/3/2003,edgar/data/795422/0000795422-03-000025.txt,N-CSR,https://www.sec.gov/Archives/edgar/data/795422/0000795422-03-000025.txt,"Expiration
Date",7-Jun
11,795422,FIDELITY ADVISOR SERIES II,7/3/2003,edgar/data/795422/0000795422-03-000025.txt,N-CSR,https://www.sec.gov/Archives/edgar/data/795422/0000795422-03-000025.txt,"Notional
Amount","$	750,000"
11,795422,FIDELITY ADVISOR SERIES II,7/3/2003,edgar/data/795422/0000795422-03-000025.txt,N-CSR,https://www.sec.gov/Archives/edgar/data/795422/0000795422-03-000025.txt,"Unrealized
Appreciation/
(Depreciation)","$	2,512"
11,795422,FIDELITY ADVISOR SERIES II,7/3/2003,edgar/data/795422/0000795422-03-000025.txt,N-CSR,https://www.sec.gov/Archives/edgar/data/795422/0000795422-03-000025.txt,CDS Text,"Receive from Morgan Stanley, Inc., upon default of Vornado Realty Trust, par value
of the notional amount of Vornado Realty Trust 5.625% 6/15/07 and pay
quarterly notional multiplied by 1.37%"
11,795422,FIDELITY ADVISOR SERIES II,7/3/2003,edgar/data/795422/0000795422-03-000025.txt,N-CSR,https://www.sec.gov/Archives/edgar/data/795422/0000795422-03-000025.txt,"Expiration
Date",7-Jun
11,795422,FIDELITY ADVISOR SERIES II,7/3/2003,edgar/data/795422/0000795422-03-000025.txt,N-CSR,https://www.sec.gov/Archives/edgar/data/795422/0000795422-03-000025.txt,"Notional
Amount","$	750,000"
11,795422,FIDELITY ADVISOR SERIES II,7/3/2003,edgar/data/795422/0000795422-03-000025.txt,N-CSR,https://www.sec.gov/Archives/edgar/data/795422/0000795422-03-000025.txt,"Unrealized
Appreciation/
(Depreciation)","$	2,512"
12,797073,DREYFUS PREMIER FIXED INCOME FUNDS,7/2/2003,edgar/data/797073/0000797073-03-000011.txt,N-CSR,https://www.sec.gov/Archives/edgar/data/797073/0000797073-03-000011.txt,NA,NA
13,813383,DREYFUS VARIABLE INVESTMENT FUND,9/4/2003,edgar/data/813383/0000813383-03-000016.txt,N-CSR/A,https://www.sec.gov/Archives/edgar/data/813383/0000813383-03-000016.txt,NA,NA
14,813383,DREYFUS VARIABLE INVESTMENT FUND,8/19/2003,edgar/data/813383/0000813383-03-000014.txt,N-CSR,https://www.sec.gov/Archives/edgar/data/813383/0000813383-03-000014.txt,NA,NA
15,814679,AMERICAN SKANDIA TRUST,9/5/2003,edgar/data/814679/0000893220-03-001540.txt,N-CSRS,https://www.sec.gov/Archives/edgar/data/814679/0000893220-03-001540.txt,NA,NA
16,816754,ACM  INCOME FUND INC,9/9/2003,edgar/data/816754/0000936772-03-000365.txt,N-CSRS,https://www.sec.gov/Archives/edgar/data/816754/0000936772-03-000365.txt,NA,NA
17,825316,ALLIANCEBERNSTEIN VARIABLE PRODUCTS SERIES FUND INC,8/29/2003,edgar/data/825316/0000936772-03-000324.txt,N-CSR,https://www.sec.gov/Archives/edgar/data/825316/0000936772-03-000324.txt,NA,NA
18,826737,PHOENIX MULTI PORTFOLIO FUND,8/7/2003,edgar/data/826737/0000935069-03-001044.txt,N-CSR,https://www.sec.gov/Archives/edgar/data/826737/0000935069-03-001044.txt,NA,NA
19,831016,VARIABLE INSURANCE PRODUCTS FUND II,8/29/2003,edgar/data/831016/0000831016-03-000009.txt,N-CSRS,https://www.sec.gov/Archives/edgar/data/831016/0000831016-03-000009.txt,CDS Text,"Receive quarterly notional amount multiplied by .87% and pay Merrill Lynch, Inc. upon default of Raytheon Co., par
value of the notional amount of Raytheon Co. 5.375% 4/1/13"
19,831016,VARIABLE INSURANCE PRODUCTS FUND II,8/29/2003,edgar/data/831016/0000831016-03-000009.txt,N-CSRS,https://www.sec.gov/Archives/edgar/data/831016/0000831016-03-000009.txt,"Expiration
Date",8-Jun
19,831016,VARIABLE INSURANCE PRODUCTS FUND II,8/29/2003,edgar/data/831016/0000831016-03-000009.txt,N-CSRS,https://www.sec.gov/Archives/edgar/data/831016/0000831016-03-000009.txt,"Notional
Amount","$	5,000,000"
19,831016,VARIABLE INSURANCE PRODUCTS FUND II,8/29/2003,edgar/data/831016/0000831016-03-000009.txt,N-CSRS,https://www.sec.gov/Archives/edgar/data/831016/0000831016-03-000009.txt,"Unrealized
Appreciation/
(Depreciation)","$	16,161"
19,831016,VARIABLE INSURANCE PRODUCTS FUND II,8/29/2003,edgar/data/831016/0000831016-03-000009.txt,N-CSRS,https://www.sec.gov/Archives/edgar/data/831016/0000831016-03-000009.txt,CDS Text,"Receive quarterly notional amount multiplied by .87% and pay Merrill Lynch, Inc. upon default of Raytheon Co., par
value of the notional amount of Raytheon Co. 5.375% 4/1/13"
19,831016,VARIABLE INSURANCE PRODUCTS FUND II,8/29/2003,edgar/data/831016/0000831016-03-000009.txt,N-CSRS,https://www.sec.gov/Archives/edgar/data/831016/0000831016-03-000009.txt,"Expiration
Date",8-Jun
19,831016,VARIABLE INSURANCE PRODUCTS FUND II,8/29/2003,edgar/data/831016/0000831016-03-000009.txt,N-CSRS,https://www.sec.gov/Archives/edgar/data/831016/0000831016-03-000009.txt,"Notional
Amount","$	5,000,000"
19,831016,VARIABLE INSURANCE PRODUCTS FUND II,8/29/2003,edgar/data/831016/0000831016-03-000009.txt,N-CSRS,https://www.sec.gov/Archives/edgar/data/831016/0000831016-03-000009.txt,"Unrealized
Appreciation/
(Depreciation)","$	16,161"
20,884122,PHOENIX MULTI SERIES TRUST,7/3/2003,edgar/data/884122/0000935069-03-000884.txt,N-CSR,https://www.sec.gov/Archives/edgar/data/884122/0000935069-03-000884.txt,NA,NA
21,890881,ALLIANCE WORLD DOLLAR GOVERNMENT FUND INC,7/7/2003,edgar/data/890881/0000936772-03-000293.txt,N-CSR,https://www.sec.gov/Archives/edgar/data/890881/0000936772-03-000293.txt,NA,NA
22,927384,VARIABLE INSURANCE PRODUCTS III,8/29/2003,edgar/data/927384/0000927384-03-000012.txt,N-CSRS,https://www.sec.gov/Archives/edgar/data/927384/0000927384-03-000012.txt,CDS Text,"Receive quarterly notional amount multiplied by .87% and pay Merrill Lynch, Inc. upon default of Raytheon Co., par
value of the notional amount of Raytheon Co. 5.375% 4/1/13"
22,927384,VARIABLE INSURANCE PRODUCTS III,8/29/2003,edgar/data/927384/0000927384-03-000012.txt,N-CSRS,https://www.sec.gov/Archives/edgar/data/927384/0000927384-03-000012.txt,"Expiration
Date",8-Jun
22,927384,VARIABLE INSURANCE PRODUCTS III,8/29/2003,edgar/data/927384/0000927384-03-000012.txt,N-CSRS,https://www.sec.gov/Archives/edgar/data/927384/0000927384-03-000012.txt,"Notional
Amount","$	5,000,000"
22,927384,VARIABLE INSURANCE PRODUCTS III,8/29/2003,edgar/data/927384/0000927384-03-000012.txt,N-CSRS,https://www.sec.gov/Archives/edgar/data/927384/0000927384-03-000012.txt,"Unrealized
Appreciation/
(Depreciation)","$	16,161"
23,944684,UBS RELATIONSHIP FUNDS,9/5/2003,edgar/data/944684/0001047469-03-029981.txt,N-CSRS,https://www.sec.gov/Archives/edgar/data/944684/0001047469-03-029981.txt,NA,NA
24,1219360,PIMCO HIGH INCOME FUND,12/3/2003,edgar/data/1219360/0001047469-03-039077.txt,N-CSRS,https://www.sec.gov/Archives/edgar/data/1219360/0001047469-03-039077.txt,NA,NA
25,205323,FIDELITY COMMONWEALTH TRUST,12/23/2003,edgar/data/205323/0000205323-03-000029.txt,N-CSRS,https://www.sec.gov/Archives/edgar/data/205323/0000205323-03-000029.txt,CDS Text,"Receive quarterly notional amount multiplied by .62% and pay Goldman Sachs upon
default of SLM Corp., par value of the notional amount of SLM Corp. 1.1106%
7/25/35"
25,205323,FIDELITY COMMONWEALTH TRUST,12/23/2003,edgar/data/205323/0000205323-03-000029.txt,N-CSRS,https://www.sec.gov/Archives/edgar/data/205323/0000205323-03-000029.txt,"Expiration
Date",7-Aug
25,205323,FIDELITY COMMONWEALTH TRUST,12/23/2003,edgar/data/205323/0000205323-03-000029.txt,N-CSRS,https://www.sec.gov/Archives/edgar/data/205323/0000205323-03-000029.txt,"Notional
Amount (000s)","$	2,450"
25,205323,FIDELITY COMMONWEALTH TRUST,12/23/2003,edgar/data/205323/0000205323-03-000029.txt,N-CSRS,https://www.sec.gov/Archives/edgar/data/205323/0000205323-03-000029.txt,"Unrealized
Appreciation/
(Depreciation)
(000s)","$	22"
26,30151,DREYFUS A BONDS PLUS INC,11/24/2003,edgar/data/30151/0000030151-03-000011.txt,N-CSR,https://www.sec.gov/Archives/edgar/data/30151/0000030151-03-000011.txt,NA,NA
27,35315,FIDELITY FIXED INCOME TRUST,12/24/2003,edgar/data/35315/0000035315-03-000015.txt,N-CSRS,https://www.sec.gov/Archives/edgar/data/35315/0000035315-03-000015.txt,CDS Text,"Receive from Morgan Stanley, Inc., upon default of Vornado Realty Trust, par value of the
notional amount of Vornado Realty Trust 5.625% 6/15/07, and pay quarterly notional
amount multiplied by 1.37%"
27,35315,FIDELITY FIXED INCOME TRUST,12/24/2003,edgar/data/35315/0000035315-03-000015.txt,N-CSRS,https://www.sec.gov/Archives/edgar/data/35315/0000035315-03-000015.txt,"Expiration
Date",7-Jun
27,35315,FIDELITY FIXED INCOME TRUST,12/24/2003,edgar/data/35315/0000035315-03-000015.txt,N-CSRS,https://www.sec.gov/Archives/edgar/data/35315/0000035315-03-000015.txt,"Notional
Amount
(000s)","$	4,475"
27,35315,FIDELITY FIXED INCOME TRUST,12/24/2003,edgar/data/35315/0000035315-03-000015.txt,N-CSRS,https://www.sec.gov/Archives/edgar/data/35315/0000035315-03-000015.txt,"Unrealized
Appreciation/
(Depreciation)
(000s)","$	(93)"
27,35315,FIDELITY FIXED INCOME TRUST,12/24/2003,edgar/data/35315/0000035315-03-000015.txt,N-CSRS,https://www.sec.gov/Archives/edgar/data/35315/0000035315-03-000015.txt,CDS Text,"Receive from Morgan Stanley, Inc., upon default of Vornado Realty Trust, par value of the
notional amount of Vornado Realty Trust 5.625% 6/15/07, and pay quarterly notional
amount multiplied by 1.37%"
27,35315,FIDELITY FIXED INCOME TRUST,12/24/2003,edgar/data/35315/0000035315-03-000015.txt,N-CSRS,https://www.sec.gov/Archives/edgar/data/35315/0000035315-03-000015.txt,"Expiration
Date",7-Jun
27,35315,FIDELITY FIXED INCOME TRUST,12/24/2003,edgar/data/35315/0000035315-03-000015.txt,N-CSRS,https://www.sec.gov/Archives/edgar/data/35315/0000035315-03-000015.txt,"Notional
Amount
(000s)","$	4,475"
27,35315,FIDELITY FIXED INCOME TRUST,12/24/2003,edgar/data/35315/0000035315-03-000015.txt,N-CSRS,https://www.sec.gov/Archives/edgar/data/35315/0000035315-03-000015.txt,"Unrealized
Appreciation/
(Depreciation)
(000s)","$	(93)"
27,35315,FIDELITY FIXED INCOME TRUST,12/24/2003,edgar/data/35315/0000035315-03-000015.txt,N-CSRS,https://www.sec.gov/Archives/edgar/data/35315/0000035315-03-000015.txt,CDS Text,"Receive from Morgan Stanley, Inc., upon default of Vornado Realty Trust, par value of the
notional amount of Vornado Realty Trust 5.625% 6/15/07, and pay quarterly notional
amount multiplied by 1.37%"
27,35315,FIDELITY FIXED INCOME TRUST,12/24/2003,edgar/data/35315/0000035315-03-000015.txt,N-CSRS,https://www.sec.gov/Archives/edgar/data/35315/0000035315-03-000015.txt,"Expiration
Date",7-Jun
27,35315,FIDELITY FIXED INCOME TRUST,12/24/2003,edgar/data/35315/0000035315-03-000015.txt,N-CSRS,https://www.sec.gov/Archives/edgar/data/35315/0000035315-03-000015.txt,"Notional
Amount
(000s)","$	4,475"
27,35315,FIDELITY FIXED INCOME TRUST,12/24/2003,edgar/data/35315/0000035315-03-000015.txt,N-CSRS,https://www.sec.gov/Archives/edgar/data/35315/0000035315-03-000015.txt,"Unrealized
Appreciation/
(Depreciation)
(000s)","$	(93)"
27,35315,FIDELITY FIXED INCOME TRUST,12/24/2003,edgar/data/35315/0000035315-03-000015.txt,N-CSRS,https://www.sec.gov/Archives/edgar/data/35315/0000035315-03-000015.txt,CDS Text,"Receive from Morgan Stanley, Inc., upon default of Vornado Realty Trust, par value
of the notional amount of Vornado Realty Trust 5.625% 6/15/07, and pay
quarterly notional amount multiplied by 1.37%"
27,35315,FIDELITY FIXED INCOME TRUST,12/24/2003,edgar/data/35315/0000035315-03-000015.txt,N-CSRS,https://www.sec.gov/Archives/edgar/data/35315/0000035315-03-000015.txt,"Expiration
Date",7-Jun
27,35315,FIDELITY FIXED INCOME TRUST,12/24/2003,edgar/data/35315/0000035315-03-000015.txt,N-CSRS,https://www.sec.gov/Archives/edgar/data/35315/0000035315-03-000015.txt,"Notional
Amount (000s)","$	5,575"
27,35315,FIDELITY FIXED INCOME TRUST,12/24/2003,edgar/data/35315/0000035315-03-000015.txt,N-CSRS,https://www.sec.gov/Archives/edgar/data/35315/0000035315-03-000015.txt,"Unrealized
Appreciation/
(Depreciation)
(000s)","$	(116)"
28,354046,FIDELITY CHARLES STREET TRUST,11/26/2003,edgar/data/354046/0000354046-03-000003.txt,N-CSR,https://www.sec.gov/Archives/edgar/data/354046/0000354046-03-000003.txt,CDS Text,"Receive from Morgan Stanley, Inc., upon default of Vornado
Realty Trust, par value of the notional amount of Vornado
Realty Trust 5.625% 6/15/07, and pay quarterly notional
amount multiplied by 1.37%"
28,354046,FIDELITY CHARLES STREET TRUST,11/26/2003,edgar/data/354046/0000354046-03-000003.txt,N-CSR,https://www.sec.gov/Archives/edgar/data/354046/0000354046-03-000003.txt,"Expiration
Date",7-Jun
28,354046,FIDELITY CHARLES STREET TRUST,11/26/2003,edgar/data/354046/0000354046-03-000003.txt,N-CSR,https://www.sec.gov/Archives/edgar/data/354046/0000354046-03-000003.txt,"Notional
Amount (000s)","$	300"
28,354046,FIDELITY CHARLES STREET TRUST,11/26/2003,edgar/data/354046/0000354046-03-000003.txt,N-CSR,https://www.sec.gov/Archives/edgar/data/354046/0000354046-03-000003.txt,"Unrealized
Appreciation/
(Depreciation)
(000s)","$	(6)"
28,354046,FIDELITY CHARLES STREET TRUST,11/26/2003,edgar/data/354046/0000354046-03-000003.txt,N-CSR,https://www.sec.gov/Archives/edgar/data/354046/0000354046-03-000003.txt,CDS Text,"Receive from Morgan Stanley, Inc., upon default of
Vornado Realty Trust, par value of the notional amount of
Vornado Realty Trust 5.625% 6/15/07, and pay
quarterly notional amount multiplied by 1.37%"
28,354046,FIDELITY CHARLES STREET TRUST,11/26/2003,edgar/data/354046/0000354046-03-000003.txt,N-CSR,https://www.sec.gov/Archives/edgar/data/354046/0000354046-03-000003.txt,,7-Jun
28,354046,FIDELITY CHARLES STREET TRUST,11/26/2003,edgar/data/354046/0000354046-03-000003.txt,N-CSR,https://www.sec.gov/Archives/edgar/data/354046/0000354046-03-000003.txt,Notional Amount,"$	400,000"
28,354046,FIDELITY CHARLES STREET TRUST,11/26/2003,edgar/data/354046/0000354046-03-000003.txt,N-CSR,https://www.sec.gov/Archives/edgar/data/354046/0000354046-03-000003.txt,"Unrealized
Appreciation/
(Depreciation)","$	(8,570)"
28,354046,FIDELITY CHARLES STREET TRUST,11/26/2003,edgar/data/354046/0000354046-03-000003.txt,N-CSR,https://www.sec.gov/Archives/edgar/data/354046/0000354046-03-000003.txt,CDS Text,"Receive from Morgan Stanley, Inc., upon default of Vornado
Realty Trust, par value of the notional amount of Vornado
Realty Trust 5.625% 6/15/07, and pay quarterly notional
amount multiplied by 1.37%"
28,354046,FIDELITY CHARLES STREET TRUST,11/26/2003,edgar/data/354046/0000354046-03-000003.txt,N-CSR,https://www.sec.gov/Archives/edgar/data/354046/0000354046-03-000003.txt,"Expiration
Date",7-Jun
28,354046,FIDELITY CHARLES STREET TRUST,11/26/2003,edgar/data/354046/0000354046-03-000003.txt,N-CSR,https://www.sec.gov/Archives/edgar/data/354046/0000354046-03-000003.txt,"Notional
Amount (000s)","$	1,780"
28,354046,FIDELITY CHARLES STREET TRUST,11/26/2003,edgar/data/354046/0000354046-03-000003.txt,N-CSR,https://www.sec.gov/Archives/edgar/data/354046/0000354046-03-000003.txt,"Unrealized
Appreciation/
(Depreciation)
(000s)","$	(38)"
28,354046,FIDELITY CHARLES STREET TRUST,11/26/2003,edgar/data/354046/0000354046-03-000003.txt,N-CSR,https://www.sec.gov/Archives/edgar/data/354046/0000354046-03-000003.txt,CDS Text,"Receive from Morgan Stanley, Inc., upon default of
Vornado Realty Trust, par value of the notional amount
of Vornado Realty Trust 5.625% 6/15/07, and pay
quarterly notional amount multiplied by 1.37%"
28,354046,FIDELITY CHARLES STREET TRUST,11/26/2003,edgar/data/354046/0000354046-03-000003.txt,N-CSR,https://www.sec.gov/Archives/edgar/data/354046/0000354046-03-000003.txt,"Expiration
Date",7-Jun
28,354046,FIDELITY CHARLES STREET TRUST,11/26/2003,edgar/data/354046/0000354046-03-000003.txt,N-CSR,https://www.sec.gov/Archives/edgar/data/354046/0000354046-03-000003.txt,"Notional
Amount (000s)","$	3,610"
28,354046,FIDELITY CHARLES STREET TRUST,11/26/2003,edgar/data/354046/0000354046-03-000003.txt,N-CSR,https://www.sec.gov/Archives/edgar/data/354046/0000354046-03-000003.txt,"Unrealized
Appreciation/
(Depreciation)
(000s)","$	(77)"
29,741375,MORGAN STANLEY INSTITUTIONAL FUND TRUST,11/28/2003,edgar/data/741375/0001047469-03-038751.txt,N-CSR,https://www.sec.gov/Archives/edgar/data/741375/0001047469-03-038751.txt,NA,NA
30,795422,FIDELITY ADVISOR SERIES II,12/29/2003,edgar/data/795422/0000795422-03-000041.txt,N-CSR,https://www.sec.gov/Archives/edgar/data/795422/0000795422-03-000041.txt,CDS Text,"Receive quarterly notional amount multiplied by .62% and pay Goldman Sachs
upon default of SLM Corp., par value of the notional amount of SLM Corp.
1.1106% 7/25/35"
30,795422,FIDELITY ADVISOR SERIES II,12/29/2003,edgar/data/795422/0000795422-03-000041.txt,N-CSR,https://www.sec.gov/Archives/edgar/data/795422/0000795422-03-000041.txt,,7-Aug
30,795422,FIDELITY ADVISOR SERIES II,12/29/2003,edgar/data/795422/0000795422-03-000041.txt,N-CSR,https://www.sec.gov/Archives/edgar/data/795422/0000795422-03-000041.txt,"Notional
Amount","$	490,000"
30,795422,FIDELITY ADVISOR SERIES II,12/29/2003,edgar/data/795422/0000795422-03-000041.txt,N-CSR,https://www.sec.gov/Archives/edgar/data/795422/0000795422-03-000041.txt,,"4,324"
30,795422,FIDELITY ADVISOR SERIES II,12/29/2003,edgar/data/795422/0000795422-03-000041.txt,N-CSR,https://www.sec.gov/Archives/edgar/data/795422/0000795422-03-000041.txt,CDS Text,"Receive quarterly notional amount multiplied by .62% and pay Goldman Sachs
upon default of SLM Corp., par value of the notional amount of SLM Corp.
1.1106% 7/25/35"
30,795422,FIDELITY ADVISOR SERIES II,12/29/2003,edgar/data/795422/0000795422-03-000041.txt,N-CSR,https://www.sec.gov/Archives/edgar/data/795422/0000795422-03-000041.txt,,7-Aug
30,795422,FIDELITY ADVISOR SERIES II,12/29/2003,edgar/data/795422/0000795422-03-000041.txt,N-CSR,https://www.sec.gov/Archives/edgar/data/795422/0000795422-03-000041.txt,"Notional
Amount","$	490,000"
30,795422,FIDELITY ADVISOR SERIES II,12/29/2003,edgar/data/795422/0000795422-03-000041.txt,N-CSR,https://www.sec.gov/Archives/edgar/data/795422/0000795422-03-000041.txt,,"4,324"
30,795422,FIDELITY ADVISOR SERIES II,12/29/2003,edgar/data/795422/0000795422-03-000041.txt,N-CSR,https://www.sec.gov/Archives/edgar/data/795422/0000795422-03-000041.txt,CDS Text,"Receive from Morgan Stanley, Inc., upon default of Vornado Realty Trust, par value
of the notional amount of Vornado Realty Trust 5.625% 6/15/07, and pay
quarterly notional amount multiplied by 1.37%"
30,795422,FIDELITY ADVISOR SERIES II,12/29/2003,edgar/data/795422/0000795422-03-000041.txt,N-CSR,https://www.sec.gov/Archives/edgar/data/795422/0000795422-03-000041.txt,"Expiration
Date",7-Jun
30,795422,FIDELITY ADVISOR SERIES II,12/29/2003,edgar/data/795422/0000795422-03-000041.txt,N-CSR,https://www.sec.gov/Archives/edgar/data/795422/0000795422-03-000041.txt,"Notional
Amount","$	750,000"
30,795422,FIDELITY ADVISOR SERIES II,12/29/2003,edgar/data/795422/0000795422-03-000041.txt,N-CSR,https://www.sec.gov/Archives/edgar/data/795422/0000795422-03-000041.txt,"Unrealized
Appreciation/
(Depreciation)","$	(15,526)"
30,795422,FIDELITY ADVISOR SERIES II,12/29/2003,edgar/data/795422/0000795422-03-000041.txt,N-CSR,https://www.sec.gov/Archives/edgar/data/795422/0000795422-03-000041.txt,CDS Text,"Receive from Morgan Stanley, Inc., upon default of Vornado Realty Trust, par value
of the notional amount of Vornado Realty Trust 5.625% 6/15/07, and pay
quarterly notional amount multiplied by 1.37%"
30,795422,FIDELITY ADVISOR SERIES II,12/29/2003,edgar/data/795422/0000795422-03-000041.txt,N-CSR,https://www.sec.gov/Archives/edgar/data/795422/0000795422-03-000041.txt,"Expiration
Date",7-Jun
30,795422,FIDELITY ADVISOR SERIES II,12/29/2003,edgar/data/795422/0000795422-03-000041.txt,N-CSR,https://www.sec.gov/Archives/edgar/data/795422/0000795422-03-000041.txt,"Notional
Amount","$	750,000"
30,795422,FIDELITY ADVISOR SERIES II,12/29/2003,edgar/data/795422/0000795422-03-000041.txt,N-CSR,https://www.sec.gov/Archives/edgar/data/795422/0000795422-03-000041.txt,"Unrealized
Appreciation/
(Depreciation)","$	(15,526)"
31,803013,FIDELITY GARRISON STREET TRUST,11/28/2003,edgar/data/803013/0000803013-03-000003.txt,N-CSR,https://www.sec.gov/Archives/edgar/data/803013/0000803013-03-000003.txt,CDS Text,"Receive quarterly notional amount multiplied by 1.12%
and pay 
Morgan Stanley, Inc. upon default of Comcast Cable
Communications, Inc., par value of the notional
amount of Comcast Cable Communications, Inc.
6.75% 1/30/11"
31,803013,FIDELITY GARRISON STREET TRUST,11/28/2003,edgar/data/803013/0000803013-03-000003.txt,N-CSR,https://www.sec.gov/Archives/edgar/data/803013/0000803013-03-000003.txt,,6-Jun
31,803013,FIDELITY GARRISON STREET TRUST,11/28/2003,edgar/data/803013/0000803013-03-000003.txt,N-CSR,https://www.sec.gov/Archives/edgar/data/803013/0000803013-03-000003.txt,"Notional
Amount","$	10,000,000"
31,803013,FIDELITY GARRISON STREET TRUST,11/28/2003,edgar/data/803013/0000803013-03-000003.txt,N-CSR,https://www.sec.gov/Archives/edgar/data/803013/0000803013-03-000003.txt,"Unrealized
Appreciation
(Depreciation)","$	154,122"
32,819118,FIDELITY CONCORD STREET TRUST,10/31/2003,edgar/data/819118/0000819118-03-000025.txt,N-CSRS,https://www.sec.gov/Archives/edgar/data/819118/0000819118-03-000025.txt,CDS Text,"Receive from Morgan Stanley, Inc., upon default of Vornado Realty Trust, par value of
the notional amount of Vornado Realty Trust 5.625% 6/15/07, and pay quarterly
notional amount multiplied by 1.37%"
32,819118,FIDELITY CONCORD STREET TRUST,10/31/2003,edgar/data/819118/0000819118-03-000025.txt,N-CSRS,https://www.sec.gov/Archives/edgar/data/819118/0000819118-03-000025.txt,"Expiration
Date",7-Jun
32,819118,FIDELITY CONCORD STREET TRUST,10/31/2003,edgar/data/819118/0000819118-03-000025.txt,N-CSRS,https://www.sec.gov/Archives/edgar/data/819118/0000819118-03-000025.txt,"Notional
Amount (000s)","$	3,585"
32,819118,FIDELITY CONCORD STREET TRUST,10/31/2003,edgar/data/819118/0000819118-03-000025.txt,N-CSRS,https://www.sec.gov/Archives/edgar/data/819118/0000819118-03-000025.txt,"Unrealized
Appreciation/
(Depreciation)
(000s)","$	(18)"
33,863520,WESTERN ASSET FUNDS INC,12/11/2003,edgar/data/863520/0000895662-03-000005.txt,N-CSR,https://www.sec.gov/Archives/edgar/data/863520/0000895662-03-000005.txt,NA,NA
34,883676,ALLIANCEBERNSTEIN AMERICAS GOVERNMENT INCOME TRUST INC,12/11/2003,edgar/data/883676/0000936772-03-000475.txt,N-CSR,https://www.sec.gov/Archives/edgar/data/883676/0000936772-03-000475.txt,NA,NA
35,889169,DREYFUS INVESTMENT GRADE FUNDS INC,10/1/2003,edgar/data/889169/0000889169-03-000009.txt,N-CSR,https://www.sec.gov/Archives/edgar/data/889169/0000889169-03-000009.txt,NA,NA
36,906013,ALLIANCE WORLD DOLLAR GOVERNMENT FUND II INC,12/10/2003,edgar/data/906013/0000936772-03-000466.txt,N-CSR,https://www.sec.gov/Archives/edgar/data/906013/0000936772-03-000466.txt,NA,NA
37,910524,ACM MANAGED DOLLAR INCOME FUND INC,12/10/2003,edgar/data/910524/0000936772-03-000471.txt,N-CSR,https://www.sec.gov/Archives/edgar/data/910524/0000936772-03-000471.txt,NA,NA
38,915845,ALLIANCEBERNSTEIN EMERGING MARKET DEBT FUND INC,11/12/2003,edgar/data/915845/0000936772-03-000432.txt,N-CSR,https://www.sec.gov/Archives/edgar/data/915845/0000936772-03-000432.txt,NA,NA
39,1035018,AMERICAN SKANDIA ADVISOR FUNDS INC,1/9/2004,edgar/data/1035018/0000950123-04-000223.txt,N-CSR,https://www.sec.gov/Archives/edgar/data/1035018/0000950123-04-000223.txt,NA,NA
40,1056707,DREYFUS INVESTMENT PORTFOLIOS,3/3/2004,edgar/data/1056707/0001056707-04-000002.txt,N-CSR,https://www.sec.gov/Archives/edgar/data/1056707/0001056707-04-000002.txt,NA,NA
41,1131013,AB FUNDS TRUST/DE,2/26/2004,edgar/data/1131013/0000893220-04-000296.txt,N-CSR,https://www.sec.gov/Archives/edgar/data/1131013/0000893220-04-000296.txt,NA,NA
42,1160990,PIMCO CORPORATE INCOME FUND,1/9/2004,edgar/data/1160990/0001047469-04-000524.txt,N-CSR,https://www.sec.gov/Archives/edgar/data/1160990/0001047469-04-000524.txt,NA,NA
43,1190935,PIMCO CORPORATE OPPORTUNITY FUND,2/5/2004,edgar/data/1190935/0001047469-04-003331.txt,N-CSR,https://www.sec.gov/Archives/edgar/data/1190935/0001047469-04-003331.txt,NA,NA
44,19469,PHOENIX SERIES FUND,1/7/2004,edgar/data/19469/0000935069-04-000080.txt,N-CSR,https://www.sec.gov/Archives/edgar/data/19469/0000935069-04-000080.txt,NA,NA
45,53808,DREYFUS LAUREL FUNDS TRUST,3/4/2004,edgar/data/53808/0000053808-04-000004.txt,N-CSR,https://www.sec.gov/Archives/edgar/data/53808/0000053808-04-000004.txt,NA,NA
46,751199,FIDELITY INCOME FUND /MA/,3/31/2004,edgar/data/751199/0000751199-04-000005.txt,N-CSRS,https://www.sec.gov/Archives/edgar/data/751199/0000751199-04-000005.txt,CDS Text,"Receive quarterly a notional amount
multiplied by .53% and pay Lehman
Brothers, Inc., upon default event of SBC
Communications, Inc., par value of the
notional amount of SBC Communciations,
Inc. 6.25% 3/15/11"
46,751199,FIDELITY INCOME FUND /MA/,3/31/2004,edgar/data/751199/0000751199-04-000005.txt,N-CSRS,https://www.sec.gov/Archives/edgar/data/751199/0000751199-04-000005.txt,"Expiration
Date",9-Mar
46,751199,FIDELITY INCOME FUND /MA/,3/31/2004,edgar/data/751199/0000751199-04-000005.txt,N-CSRS,https://www.sec.gov/Archives/edgar/data/751199/0000751199-04-000005.txt,"Notional
Amount","$	200,000"
46,751199,FIDELITY INCOME FUND /MA/,3/31/2004,edgar/data/751199/0000751199-04-000005.txt,N-CSRS,https://www.sec.gov/Archives/edgar/data/751199/0000751199-04-000005.txt,"Unrealized
Appreciation/
(Depreciation)","$	297"
46,751199,FIDELITY INCOME FUND /MA/,3/31/2004,edgar/data/751199/0000751199-04-000005.txt,N-CSRS,https://www.sec.gov/Archives/edgar/data/751199/0000751199-04-000005.txt,CDS Text,"Receive quarterly notional amount multiplied
by 1.12% and pay Morgan Stanley, Inc.
upon default of Comcast Cable
Communications, Inc., par value of the
notional amount of Comcast Cable
Communications, Inc. 6.75% 1/30/11"
46,751199,FIDELITY INCOME FUND /MA/,3/31/2004,edgar/data/751199/0000751199-04-000005.txt,N-CSRS,https://www.sec.gov/Archives/edgar/data/751199/0000751199-04-000005.txt,"Expiration
Date",6-Jun
46,751199,FIDELITY INCOME FUND /MA/,3/31/2004,edgar/data/751199/0000751199-04-000005.txt,N-CSRS,https://www.sec.gov/Archives/edgar/data/751199/0000751199-04-000005.txt,"Notional
Amount","$	400,000"
46,751199,FIDELITY INCOME FUND /MA/,3/31/2004,edgar/data/751199/0000751199-04-000005.txt,N-CSRS,https://www.sec.gov/Archives/edgar/data/751199/0000751199-04-000005.txt,"Unrealized
Appreciation/
(Depreciation)","$	7,010"
47,797073,DREYFUS PREMIER FIXED INCOME FUNDS,1/2/2004,edgar/data/797073/0000797073-04-000001.txt,N-CSR,https://www.sec.gov/Archives/edgar/data/797073/0000797073-04-000001.txt,NA,NA
48,813383,DREYFUS VARIABLE INVESTMENT FUND,2/24/2004,edgar/data/813383/0000813383-04-000007.txt,N-CSR,https://www.sec.gov/Archives/edgar/data/813383/0000813383-04-000007.txt,NA,NA
49,814679,AMERICAN SKANDIA TRUST,3/10/2004,edgar/data/814679/0001193125-04-038139.txt,N-CSR,https://www.sec.gov/Archives/edgar/data/814679/0001193125-04-038139.txt,NA,NA
50,816754,ACM  INCOME FUND INC,3/8/2004,edgar/data/816754/0000936772-04-000073.txt,N-CSR,https://www.sec.gov/Archives/edgar/data/816754/0000936772-04-000073.txt,NA,NA
51,825316,ALLIANCEBERNSTEIN VARIABLE PRODUCTS SERIES FUND INC,3/10/2004,edgar/data/825316/0000936772-04-000088.txt,N-CSR,https://www.sec.gov/Archives/edgar/data/825316/0000936772-04-000088.txt,NA,NA
52,826737,PHOENIX MULTI PORTFOLIO FUND,2/6/2004,edgar/data/826737/0000935069-04-000187.txt,N-CSR,https://www.sec.gov/Archives/edgar/data/826737/0000935069-04-000187.txt,NA,NA
53,831016,VARIABLE INSURANCE PRODUCTS FUND II,2/27/2004,edgar/data/831016/0000356494-04-000003.txt,N-CSR,https://www.sec.gov/Archives/edgar/data/831016/0000356494-04-000003.txt,CDS Text,"Receive quarterly notional amount multiplied by .44% and pay JPMorgan Chase, Inc. upon default event of
Lockheed Martin Corp., par value of the notional amount of Lockheed Martin Corp. 8.2% 12/1/09"
53,831016,VARIABLE INSURANCE PRODUCTS FUND II,2/27/2004,edgar/data/831016/0000356494-04-000003.txt,N-CSR,https://www.sec.gov/Archives/edgar/data/831016/0000356494-04-000003.txt,"Expiration
Date",Dec. 2008
53,831016,VARIABLE INSURANCE PRODUCTS FUND II,2/27/2004,edgar/data/831016/0000356494-04-000003.txt,N-CSR,https://www.sec.gov/Archives/edgar/data/831016/0000356494-04-000003.txt,"Notional
Amount","$	2,000,000"
53,831016,VARIABLE INSURANCE PRODUCTS FUND II,2/27/2004,edgar/data/831016/0000356494-04-000003.txt,N-CSR,https://www.sec.gov/Archives/edgar/data/831016/0000356494-04-000003.txt,"Unrealized
Appreciation/
(Depreciation)","$	(5,547)"
53,831016,VARIABLE INSURANCE PRODUCTS FUND II,2/27/2004,edgar/data/831016/0000356494-04-000003.txt,N-CSR,https://www.sec.gov/Archives/edgar/data/831016/0000356494-04-000003.txt,CDS Text,"Receive quarterly notional amount multiplied by .44% and pay JPMorgan Chase, Inc. upon default event of
Lockheed Martin Corp., par value of the notional amount of Lockheed Martin Corp. 8.2% 12/1/09"
53,831016,VARIABLE INSURANCE PRODUCTS FUND II,2/27/2004,edgar/data/831016/0000356494-04-000003.txt,N-CSR,https://www.sec.gov/Archives/edgar/data/831016/0000356494-04-000003.txt,"Expiration
Date",Dec. 2008
53,831016,VARIABLE INSURANCE PRODUCTS FUND II,2/27/2004,edgar/data/831016/0000356494-04-000003.txt,N-CSR,https://www.sec.gov/Archives/edgar/data/831016/0000356494-04-000003.txt,"Notional
Amount","$	2,000,000"
53,831016,VARIABLE INSURANCE PRODUCTS FUND II,2/27/2004,edgar/data/831016/0000356494-04-000003.txt,N-CSR,https://www.sec.gov/Archives/edgar/data/831016/0000356494-04-000003.txt,"Unrealized
Appreciation/
(Depreciation)","$	(5,547)"
54,884122,PHOENIX MULTI SERIES TRUST,1/7/2004,edgar/data/884122/0000935069-04-000070.txt,N-CSR,https://www.sec.gov/Archives/edgar/data/884122/0000935069-04-000070.txt,NA,NA
55,890881,ALLIANCE WORLD DOLLAR GOVERNMENT FUND INC,1/9/2004,edgar/data/890881/0000936772-04-000008.txt,N-CSR,https://www.sec.gov/Archives/edgar/data/890881/0000936772-04-000008.txt,NA,NA
56,915845,ALLIANCEBERNSTEIN EMERGING MARKET DEBT FUND INC,1/9/2004,edgar/data/915845/0000936772-04-000009.txt,N-CSR,https://www.sec.gov/Archives/edgar/data/915845/0000936772-04-000009.txt,NA,NA
57,944684,UBS RELATIONSHIP FUNDS,3/10/2004,edgar/data/944684/0001047469-04-007233.txt,N-CSR,https://www.sec.gov/Archives/edgar/data/944684/0001047469-04-007233.txt,NA,NA
58,1028621,METROPOLITAN WEST FUNDS,6/2/2004,edgar/data/1028621/0001193125-04-097122.txt,N-CSR,https://www.sec.gov/Archives/edgar/data/1028621/0001193125-04-097122.txt,NA,NA
59,1057861,DREYFUS HIGH YIELD STRATEGIES FUND,6/10/2004,edgar/data/1057861/0001057861-04-000004.txt,N-CSR/A,https://www.sec.gov/Archives/edgar/data/1057861/0001057861-04-000004.txt,NA,NA
60,1057861,DREYFUS HIGH YIELD STRATEGIES FUND,5/28/2004,edgar/data/1057861/0001057861-04-000002.txt,N-CSR,https://www.sec.gov/Archives/edgar/data/1057861/0001057861-04-000002.txt,NA,NA
61,1219360,PIMCO HIGH INCOME FUND,6/10/2004,edgar/data/1219360/0001047469-04-020064.txt,N-CSR,https://www.sec.gov/Archives/edgar/data/1219360/0001047469-04-020064.txt,NA,NA
62,1244183,PIMCO FLOATING RATE INCOME FUND,4/7/2004,edgar/data/1244183/0001047469-04-011154.txt,N-CSRS,https://www.sec.gov/Archives/edgar/data/1244183/0001047469-04-011154.txt,NA,NA
63,205323,FIDELITY COMMONWEALTH TRUST,6/25/2004,edgar/data/205323/0000035315-04-000006.txt,N-CSR,https://www.sec.gov/Archives/edgar/data/205323/0000035315-04-000006.txt,CDS Text,"Receive quarterly notional amount multiplied
by .35% and pay Goldman Sachs upon
default event of Devon Energy Corp., par
value of the notional amount of Devon
Energy Corp. 7.95% 4/15/32"
63,205323,FIDELITY COMMONWEALTH TRUST,6/25/2004,edgar/data/205323/0000035315-04-000006.txt,N-CSR,https://www.sec.gov/Archives/edgar/data/205323/0000035315-04-000006.txt,"Expiration
Date",6-Jun
63,205323,FIDELITY COMMONWEALTH TRUST,6/25/2004,edgar/data/205323/0000035315-04-000006.txt,N-CSR,https://www.sec.gov/Archives/edgar/data/205323/0000035315-04-000006.txt,"Notional
Amount (000s)","$	4,700"
63,205323,FIDELITY COMMONWEALTH TRUST,6/25/2004,edgar/data/205323/0000035315-04-000006.txt,N-CSR,https://www.sec.gov/Archives/edgar/data/205323/0000035315-04-000006.txt,"Unrealized
Appreciation/
(Depreciation)
(000s)","$	3"
64,30151,DREYFUS A BONDS PLUS INC,6/2/2004,edgar/data/30151/0000030151-04-000016.txt,N-CSR,https://www.sec.gov/Archives/edgar/data/30151/0000030151-04-000016.txt,NA,NA
65,35315,FIDELITY FIXED INCOME TRUST,6/25/2004,edgar/data/35315/0000035315-04-000007.txt,N-CSR,https://www.sec.gov/Archives/edgar/data/35315/0000035315-04-000007.txt,CDS Text,"Receive quarterly notional amount multilpied
by .23% and pay Goldman Sachs upon
default event of Consolidated Natural Gas
Co., par value of the notional amount of
Consolidated Natural Gas Co. 7.25%
10/1/04"
65,35315,FIDELITY FIXED INCOME TRUST,6/25/2004,edgar/data/35315/0000035315-04-000007.txt,N-CSR,https://www.sec.gov/Archives/edgar/data/35315/0000035315-04-000007.txt,"Expiration
Date",4-May
65,35315,FIDELITY FIXED INCOME TRUST,6/25/2004,edgar/data/35315/0000035315-04-000007.txt,N-CSR,https://www.sec.gov/Archives/edgar/data/35315/0000035315-04-000007.txt,"Notional
Amount (000s)","$	5,000"
65,35315,FIDELITY FIXED INCOME TRUST,6/25/2004,edgar/data/35315/0000035315-04-000007.txt,N-CSR,https://www.sec.gov/Archives/edgar/data/35315/0000035315-04-000007.txt,"Unrealized
Appreciation/
(Depreciation)
(000s)","$	2"
65,35315,FIDELITY FIXED INCOME TRUST,6/25/2004,edgar/data/35315/0000035315-04-000007.txt,N-CSR,https://www.sec.gov/Archives/edgar/data/35315/0000035315-04-000007.txt,CDS Text,"Receive quarterly notional amount multiplied
by .35% and pay Goldman Sachs upon
default event of Devon Energy Corp., par
value of the notional amount of Devon
Energy Corp. 7.95% 4/15/32"
65,35315,FIDELITY FIXED INCOME TRUST,6/25/2004,edgar/data/35315/0000035315-04-000007.txt,N-CSR,https://www.sec.gov/Archives/edgar/data/35315/0000035315-04-000007.txt,"Expiration
Date",6-Jun
65,35315,FIDELITY FIXED INCOME TRUST,6/25/2004,edgar/data/35315/0000035315-04-000007.txt,N-CSR,https://www.sec.gov/Archives/edgar/data/35315/0000035315-04-000007.txt,"Notional
Amount (000s)","$	3,900"
65,35315,FIDELITY FIXED INCOME TRUST,6/25/2004,edgar/data/35315/0000035315-04-000007.txt,N-CSR,https://www.sec.gov/Archives/edgar/data/35315/0000035315-04-000007.txt,"Unrealized
Appreciation/
(Depreciation)
(000s)","$	3"
65,35315,FIDELITY FIXED INCOME TRUST,6/25/2004,edgar/data/35315/0000035315-04-000007.txt,N-CSR,https://www.sec.gov/Archives/edgar/data/35315/0000035315-04-000007.txt,CDS Text,"Receive quarterly notional amount multiplied
by .35% and pay Goldman Sachs upon
default event of Devon Energy Corp., par
value of the notional amount of Devon
Energy Corp. 7.95% 4/15/32"
65,35315,FIDELITY FIXED INCOME TRUST,6/25/2004,edgar/data/35315/0000035315-04-000007.txt,N-CSR,https://www.sec.gov/Archives/edgar/data/35315/0000035315-04-000007.txt,"Expiration
Date",6-Jun
65,35315,FIDELITY FIXED INCOME TRUST,6/25/2004,edgar/data/35315/0000035315-04-000007.txt,N-CSR,https://www.sec.gov/Archives/edgar/data/35315/0000035315-04-000007.txt,"Notional
Amount (000s)","$	3,900"
65,35315,FIDELITY FIXED INCOME TRUST,6/25/2004,edgar/data/35315/0000035315-04-000007.txt,N-CSR,https://www.sec.gov/Archives/edgar/data/35315/0000035315-04-000007.txt,"Unrealized
Appreciation/
(Depreciation)
(000s)","$	3"
65,35315,FIDELITY FIXED INCOME TRUST,6/25/2004,edgar/data/35315/0000035315-04-000007.txt,N-CSR,https://www.sec.gov/Archives/edgar/data/35315/0000035315-04-000007.txt,CDS Text,"Receive quarterly notional amount multiplied
by .35% and pay Goldman Sachs upon
default event of Devon Energy Corp., par
value of the notional amount of Devon
Energy Corp. 7.95% 4/15/32"
65,35315,FIDELITY FIXED INCOME TRUST,6/25/2004,edgar/data/35315/0000035315-04-000007.txt,N-CSR,https://www.sec.gov/Archives/edgar/data/35315/0000035315-04-000007.txt,"Expiration
Date",6-Jun
65,35315,FIDELITY FIXED INCOME TRUST,6/25/2004,edgar/data/35315/0000035315-04-000007.txt,N-CSR,https://www.sec.gov/Archives/edgar/data/35315/0000035315-04-000007.txt,"Notional
Amount (000s)","$	3,900"
65,35315,FIDELITY FIXED INCOME TRUST,6/25/2004,edgar/data/35315/0000035315-04-000007.txt,N-CSR,https://www.sec.gov/Archives/edgar/data/35315/0000035315-04-000007.txt,"Unrealized
Appreciation/
(Depreciation)
(000s)","$	3"
66,354046,FIDELITY CHARLES STREET TRUST,5/28/2004,edgar/data/354046/0000354046-04-000004.txt,N-CSRS,https://www.sec.gov/Archives/edgar/data/354046/0000354046-04-000004.txt,CDS Text,"Receive quarterly notional amount multiplied by .35% and
pay Goldman Sachs upon default event of Devon Energy
Corp., par value of the notional amount of Devon Energy
Corp. 7.95% 4/15/32"
66,354046,FIDELITY CHARLES STREET TRUST,5/28/2004,edgar/data/354046/0000354046-04-000004.txt,N-CSRS,https://www.sec.gov/Archives/edgar/data/354046/0000354046-04-000004.txt,,6-Jun
66,354046,FIDELITY CHARLES STREET TRUST,5/28/2004,edgar/data/354046/0000354046-04-000004.txt,N-CSRS,https://www.sec.gov/Archives/edgar/data/354046/0000354046-04-000004.txt,"Notional
Amount (000s)","$	1,600"
66,354046,FIDELITY CHARLES STREET TRUST,5/28/2004,edgar/data/354046/0000354046-04-000004.txt,N-CSRS,https://www.sec.gov/Archives/edgar/data/354046/0000354046-04-000004.txt,,0
66,354046,FIDELITY CHARLES STREET TRUST,5/28/2004,edgar/data/354046/0000354046-04-000004.txt,N-CSRS,https://www.sec.gov/Archives/edgar/data/354046/0000354046-04-000004.txt,CDS Text,"Receive quarterly notional amount multiplied by .35% and
pay Goldman Sachs upon default event of Devon Energy
Corp., par value of the notional amount of Devon Energy
Corp. 7.95% 4/15/32"
66,354046,FIDELITY CHARLES STREET TRUST,5/28/2004,edgar/data/354046/0000354046-04-000004.txt,N-CSRS,https://www.sec.gov/Archives/edgar/data/354046/0000354046-04-000004.txt,"Expiration
Date",6-Jun
66,354046,FIDELITY CHARLES STREET TRUST,5/28/2004,edgar/data/354046/0000354046-04-000004.txt,N-CSRS,https://www.sec.gov/Archives/edgar/data/354046/0000354046-04-000004.txt,"Notional
Amount (000s)","$	1,700"
66,354046,FIDELITY CHARLES STREET TRUST,5/28/2004,edgar/data/354046/0000354046-04-000004.txt,N-CSRS,https://www.sec.gov/Archives/edgar/data/354046/0000354046-04-000004.txt,"Unrealized
Appreciation/
(Depreciation)
(000s)","$	0"
66,354046,FIDELITY CHARLES STREET TRUST,5/28/2004,edgar/data/354046/0000354046-04-000004.txt,N-CSRS,https://www.sec.gov/Archives/edgar/data/354046/0000354046-04-000004.txt,CDS Text,"Receive quarterly notional amount multiplied by .35% and
pay Goldman Sachs upon default event of Devon Energy
Corp., par value of the notional amount of Devon Energy
Corp. 7.95% 4/15/32"
66,354046,FIDELITY CHARLES STREET TRUST,5/28/2004,edgar/data/354046/0000354046-04-000004.txt,N-CSRS,https://www.sec.gov/Archives/edgar/data/354046/0000354046-04-000004.txt,,6-Jun
66,354046,FIDELITY CHARLES STREET TRUST,5/28/2004,edgar/data/354046/0000354046-04-000004.txt,N-CSRS,https://www.sec.gov/Archives/edgar/data/354046/0000354046-04-000004.txt,"Notional
Amount (000s)","$	100"
66,354046,FIDELITY CHARLES STREET TRUST,5/28/2004,edgar/data/354046/0000354046-04-000004.txt,N-CSRS,https://www.sec.gov/Archives/edgar/data/354046/0000354046-04-000004.txt,,0
66,354046,FIDELITY CHARLES STREET TRUST,5/28/2004,edgar/data/354046/0000354046-04-000004.txt,N-CSRS,https://www.sec.gov/Archives/edgar/data/354046/0000354046-04-000004.txt,CDS Text,"Receive quarterly notional amount multiplied by .35% and
pay Goldman Sachs upon default event of Devon
Energy Corp., par value of the notional amount of
Devon Energy Corp. 7.95% 4/15/32"
66,354046,FIDELITY CHARLES STREET TRUST,5/28/2004,edgar/data/354046/0000354046-04-000004.txt,N-CSRS,https://www.sec.gov/Archives/edgar/data/354046/0000354046-04-000004.txt,"Expiration
Date",6-Jun
66,354046,FIDELITY CHARLES STREET TRUST,5/28/2004,edgar/data/354046/0000354046-04-000004.txt,N-CSRS,https://www.sec.gov/Archives/edgar/data/354046/0000354046-04-000004.txt,"Notional
Amount (000s)","$	200"
66,354046,FIDELITY CHARLES STREET TRUST,5/28/2004,edgar/data/354046/0000354046-04-000004.txt,N-CSRS,https://www.sec.gov/Archives/edgar/data/354046/0000354046-04-000004.txt,"Unrealized
Appreciation/
(Depreciation)
(000s)","$	0"
67,3794,ALLIANCEBERNSTEIN BOND FUND INC,6/9/2004,edgar/data/3794/0000936772-04-000119.txt,N-CSR,https://www.sec.gov/Archives/edgar/data/3794/0000936772-04-000119.txt,NA,NA
68,741375,MORGAN STANLEY INSTITUTIONAL FUND TRUST,6/8/2004,edgar/data/741375/0001047469-04-019678.txt,N-CSRS,https://www.sec.gov/Archives/edgar/data/741375/0001047469-04-019678.txt,NA,NA
69,795422,FIDELITY ADVISOR SERIES II,6/29/2004,edgar/data/795422/0000795422-04-000050.txt,N-CSRS,https://www.sec.gov/Archives/edgar/data/795422/0000795422-04-000050.txt,CDS Text,"Receive quarterly notional amount
multiplied by .35% and pay Goldman
Sachs upon default event of Devon
Energy Corp., par value of the notional
amount of Devon Energy Corp. 7.95%
4/15/32"
69,795422,FIDELITY ADVISOR SERIES II,6/29/2004,edgar/data/795422/0000795422-04-000050.txt,N-CSRS,https://www.sec.gov/Archives/edgar/data/795422/0000795422-04-000050.txt,"Expiration
Date",6-Jun
69,795422,FIDELITY ADVISOR SERIES II,6/29/2004,edgar/data/795422/0000795422-04-000050.txt,N-CSRS,https://www.sec.gov/Archives/edgar/data/795422/0000795422-04-000050.txt,"Notional
Amount","$	800,000"
69,795422,FIDELITY ADVISOR SERIES II,6/29/2004,edgar/data/795422/0000795422-04-000050.txt,N-CSRS,https://www.sec.gov/Archives/edgar/data/795422/0000795422-04-000050.txt,"Unrealized
Appreciation/
(Depreciation)","$	553"
69,795422,FIDELITY ADVISOR SERIES II,6/29/2004,edgar/data/795422/0000795422-04-000050.txt,N-CSRS,https://www.sec.gov/Archives/edgar/data/795422/0000795422-04-000050.txt,CDS Text,"Receive quarterly notional amount
multiplied by .35% and pay Goldman
Sachs upon default event of Devon
Energy Corp., par value of the notional
amount of Devon Energy Corp. 7.95%
4/15/32"
69,795422,FIDELITY ADVISOR SERIES II,6/29/2004,edgar/data/795422/0000795422-04-000050.txt,N-CSRS,https://www.sec.gov/Archives/edgar/data/795422/0000795422-04-000050.txt,"Expiration
Date",6-Jun
69,795422,FIDELITY ADVISOR SERIES II,6/29/2004,edgar/data/795422/0000795422-04-000050.txt,N-CSRS,https://www.sec.gov/Archives/edgar/data/795422/0000795422-04-000050.txt,"Notional
Amount","$	800,000"
69,795422,FIDELITY ADVISOR SERIES II,6/29/2004,edgar/data/795422/0000795422-04-000050.txt,N-CSRS,https://www.sec.gov/Archives/edgar/data/795422/0000795422-04-000050.txt,"Unrealized
Appreciation/
(Depreciation)","$	553"
69,795422,FIDELITY ADVISOR SERIES II,6/29/2004,edgar/data/795422/0000795422-04-000050.txt,N-CSRS,https://www.sec.gov/Archives/edgar/data/795422/0000795422-04-000050.txt,CDS Text,"Receive quarterly notional amount multiplied
by .35% and pay Goldman Sachs upon
default event of Devon Energy Corp., par
value of the notional amount of Devon
Energy Corp. 7.95% 4/15/32"
69,795422,FIDELITY ADVISOR SERIES II,6/29/2004,edgar/data/795422/0000795422-04-000050.txt,N-CSRS,https://www.sec.gov/Archives/edgar/data/795422/0000795422-04-000050.txt,"Expiration
Date",6-Jun
69,795422,FIDELITY ADVISOR SERIES II,6/29/2004,edgar/data/795422/0000795422-04-000050.txt,N-CSRS,https://www.sec.gov/Archives/edgar/data/795422/0000795422-04-000050.txt,"Notional
Amount","$	900,000"
69,795422,FIDELITY ADVISOR SERIES II,6/29/2004,edgar/data/795422/0000795422-04-000050.txt,N-CSRS,https://www.sec.gov/Archives/edgar/data/795422/0000795422-04-000050.txt,"Unrealized
Appreciation/
(Depreciation)","$	623"
69,795422,FIDELITY ADVISOR SERIES II,6/29/2004,edgar/data/795422/0000795422-04-000050.txt,N-CSRS,https://www.sec.gov/Archives/edgar/data/795422/0000795422-04-000050.txt,CDS Text,"Receive quarterly notional amount multiplied
by .35% and pay Goldman Sachs upon
default event of Devon Energy Corp., par
value of the notional amount of Devon
Energy Corp. 7.95% 4/15/32"
69,795422,FIDELITY ADVISOR SERIES II,6/29/2004,edgar/data/795422/0000795422-04-000050.txt,N-CSRS,https://www.sec.gov/Archives/edgar/data/795422/0000795422-04-000050.txt,"Expiration
Date",6-Jun
69,795422,FIDELITY ADVISOR SERIES II,6/29/2004,edgar/data/795422/0000795422-04-000050.txt,N-CSRS,https://www.sec.gov/Archives/edgar/data/795422/0000795422-04-000050.txt,"Notional
Amount","$	900,000"
69,795422,FIDELITY ADVISOR SERIES II,6/29/2004,edgar/data/795422/0000795422-04-000050.txt,N-CSRS,https://www.sec.gov/Archives/edgar/data/795422/0000795422-04-000050.txt,"Unrealized
Appreciation/
(Depreciation)","$	623"
70,797073,DREYFUS PREMIER FIXED INCOME FUNDS,6/25/2004,edgar/data/797073/0000797073-04-000005.txt,N-CSR,https://www.sec.gov/Archives/edgar/data/797073/0000797073-04-000005.txt,NA,NA
71,803013,FIDELITY GARRISON STREET TRUST,6/4/2004,edgar/data/803013/0000803013-04-000014.txt,N-CSRS,https://www.sec.gov/Archives/edgar/data/803013/0000803013-04-000014.txt,CDS Text,"Receive quarterly notional amount multilpied by .23% and
pay Goldman Sachs upon default event of Consolidated
Natural Gas Co., par value of the notional amount of
Consolidated Natural Gas Co. 7.25% 10/1/04"
71,803013,FIDELITY GARRISON STREET TRUST,6/4/2004,edgar/data/803013/0000803013-04-000014.txt,N-CSRS,https://www.sec.gov/Archives/edgar/data/803013/0000803013-04-000014.txt,,4-May
71,803013,FIDELITY GARRISON STREET TRUST,6/4/2004,edgar/data/803013/0000803013-04-000014.txt,N-CSRS,https://www.sec.gov/Archives/edgar/data/803013/0000803013-04-000014.txt,"Notional
Amount","$	23,500,000"
71,803013,FIDELITY GARRISON STREET TRUST,6/4/2004,edgar/data/803013/0000803013-04-000014.txt,N-CSRS,https://www.sec.gov/Archives/edgar/data/803013/0000803013-04-000014.txt,,405
72,819118,FIDELITY CONCORD STREET TRUST,4/27/2004,edgar/data/819118/0000819118-04-000003.txt,N-CSR,https://www.sec.gov/Archives/edgar/data/819118/0000819118-04-000003.txt,CDS Text,"Receive quarterly notional amount multiplied by .44% and pay JPMorgan Chase,
Inc. upon default event of Lockheed Martin Corp., par value of the notional
amount of Lockheed Martin Corp. 8.2% 12/1/09"
72,819118,FIDELITY CONCORD STREET TRUST,4/27/2004,edgar/data/819118/0000819118-04-000003.txt,N-CSR,https://www.sec.gov/Archives/edgar/data/819118/0000819118-04-000003.txt,"Expiration
Date",Dec. 2008
72,819118,FIDELITY CONCORD STREET TRUST,4/27/2004,edgar/data/819118/0000819118-04-000003.txt,N-CSR,https://www.sec.gov/Archives/edgar/data/819118/0000819118-04-000003.txt,"Notional
Amount (000s)","$	5,000"
72,819118,FIDELITY CONCORD STREET TRUST,4/27/2004,edgar/data/819118/0000819118-04-000003.txt,N-CSR,https://www.sec.gov/Archives/edgar/data/819118/0000819118-04-000003.txt,"Unrealized
Appreciation/
(Depreciation)
(000s)","$	(13)"
73,863520,WESTERN ASSET FUNDS INC,6/3/2004,edgar/data/863520/0001193125-04-098035.txt,N-CSR,https://www.sec.gov/Archives/edgar/data/863520/0001193125-04-098035.txt,NA,NA
74,883676,ALLIANCEBERNSTEIN AMERICAS GOVERNMENT INCOME TRUST INC,6/9/2004,edgar/data/883676/0000936772-04-000114.txt,N-CSR,https://www.sec.gov/Archives/edgar/data/883676/0000936772-04-000114.txt,NA,NA
75,889169,DREYFUS INVESTMENT GRADE FUNDS INC,4/5/2004,edgar/data/889169/0000889169-04-000005.txt,N-CSR,https://www.sec.gov/Archives/edgar/data/889169/0000889169-04-000005.txt,NA,NA
76,906013,ALLIANCE WORLD DOLLAR GOVERNMENT FUND II INC,6/9/2004,edgar/data/906013/0000936772-04-000125.txt,N-CSR,https://www.sec.gov/Archives/edgar/data/906013/0000936772-04-000125.txt,NA,NA
77,910524,ACM MANAGED DOLLAR INCOME FUND INC,6/9/2004,edgar/data/910524/0000936772-04-000116.txt,N-CSR,https://www.sec.gov/Archives/edgar/data/910524/0000936772-04-000116.txt,NA,NA
78,1002718,ALLIANCEBERNSTEIN GLOBAL STRATEGIC INCOME TRUST INC,7/9/2004,edgar/data/1002718/0000936772-04-000141.txt,N-CSR,https://www.sec.gov/Archives/edgar/data/1002718/0000936772-04-000141.txt,NA,NA
79,1014913,FRONTEGRA FUNDS INC,9/8/2004,edgar/data/1014913/0000898531-04-000283.txt,N-CSR,https://www.sec.gov/Archives/edgar/data/1014913/0000898531-04-000283.txt,NA,NA
80,1035018,STRATEGIC PARTNERS MUTUAL FUNDS,7/8/2004,edgar/data/1035018/0001193125-04-115585.txt,N-CSRS,https://www.sec.gov/Archives/edgar/data/1035018/0001193125-04-115585.txt,NA,NA
81,1035018,STRATEGIC PARTNERS MUTUAL FUNDS,9/29/2004,edgar/data/1035018/0001193125-04-163833.txt,N-Q,https://www.sec.gov/Archives/edgar/data/1035018/0001193125-04-163833.txt,NA,NA
82,1046232,EVERGREEN SELECT FIXED INCOME TRUST,7/8/2004,edgar/data/1046232/0000936772-04-000130.txt,N-CSR,https://www.sec.gov/Archives/edgar/data/1046232/0000936772-04-000130.txt,NA,NA
83,1056707,DREYFUS INVESTMENT PORTFOLIOS,8/31/2004,edgar/data/1056707/0001056707-04-000028.txt,N-CSR,https://www.sec.gov/Archives/edgar/data/1056707/0001056707-04-000028.txt,NA,NA
84,1119720,STATE FARM MUTUAL FUND TRUST,9/8/2004,edgar/data/1119720/0001193125-04-153300.txt,N-CSRS,https://www.sec.gov/Archives/edgar/data/1119720/0001193125-04-153300.txt,NA,NA
85,1131013,AB FUNDS TRUST/DE,8/26/2004,edgar/data/1131013/0000893220-04-001815.txt,N-CSRS,https://www.sec.gov/Archives/edgar/data/1131013/0000893220-04-001815.txt,NA,NA
86,1160990,PIMCO CORPORATE INCOME FUND,7/9/2004,edgar/data/1160990/0001047469-04-022855.txt,N-CSRS,https://www.sec.gov/Archives/edgar/data/1160990/0001047469-04-022855.txt,NA,NA
87,1168575,DREYFUS FIXED INCOME SECURITIES,7/1/2004,edgar/data/1168575/0001168575-04-000006.txt,N-CSR,https://www.sec.gov/Archives/edgar/data/1168575/0001168575-04-000006.txt,NA,NA
88,1190935,PIMCO CORPORATE OPPORTUNITY FUND,8/5/2004,edgar/data/1190935/0001047469-04-025424.txt,N-CSRS,https://www.sec.gov/Archives/edgar/data/1190935/0001047469-04-025424.txt,NA,NA
89,19469,PHOENIX SERIES FUND,7/7/2004,edgar/data/19469/0000935069-04-000972.txt,N-CSRS,https://www.sec.gov/Archives/edgar/data/19469/0000935069-04-000972.txt,NA,NA
90,356494,VARIABLE INSURANCE PRODUCTS FUND,9/1/2004,edgar/data/356494/0000927384-04-000026.txt,N-CSRS,https://www.sec.gov/Archives/edgar/data/356494/0000927384-04-000026.txt,CDS Text,"Receive quarterly notional amount multiplied by .38% and pay Merrill Lynch, Inc. upon default event of
EnCana Corp., par value of the notional amount of EnCana Corp. 4.75% 10/15/13"
90,356494,VARIABLE INSURANCE PRODUCTS FUND,9/1/2004,edgar/data/356494/0000927384-04-000026.txt,N-CSRS,https://www.sec.gov/Archives/edgar/data/356494/0000927384-04-000026.txt,"Expiration
Date",9-Mar
90,356494,VARIABLE INSURANCE PRODUCTS FUND,9/1/2004,edgar/data/356494/0000927384-04-000026.txt,N-CSRS,https://www.sec.gov/Archives/edgar/data/356494/0000927384-04-000026.txt,"Notional
Amount","800,000"
90,356494,VARIABLE INSURANCE PRODUCTS FUND,9/1/2004,edgar/data/356494/0000927384-04-000026.txt,N-CSRS,https://www.sec.gov/Archives/edgar/data/356494/0000927384-04-000026.txt,Value,"-5,066"
90,356494,VARIABLE INSURANCE PRODUCTS FUND,9/1/2004,edgar/data/356494/0000927384-04-000026.txt,N-CSRS,https://www.sec.gov/Archives/edgar/data/356494/0000927384-04-000026.txt,CDS Text,"Receive quarterly notional amount multiplied by .38% and pay Merrill Lynch, Inc. upon default event of EnCana
Corp., par value of the notional amount of EnCana Corp. 4.75% 10/15/13"
90,356494,VARIABLE INSURANCE PRODUCTS FUND,9/1/2004,edgar/data/356494/0000927384-04-000026.txt,N-CSRS,https://www.sec.gov/Archives/edgar/data/356494/0000927384-04-000026.txt,"Expiration
Date",9-Mar
90,356494,VARIABLE INSURANCE PRODUCTS FUND,9/1/2004,edgar/data/356494/0000927384-04-000026.txt,N-CSRS,https://www.sec.gov/Archives/edgar/data/356494/0000927384-04-000026.txt,"Notional
Amount","$	25,000"
90,356494,VARIABLE INSURANCE PRODUCTS FUND,9/1/2004,edgar/data/356494/0000927384-04-000026.txt,N-CSRS,https://www.sec.gov/Archives/edgar/data/356494/0000927384-04-000026.txt,Value,"$	(158)"
90,356494,VARIABLE INSURANCE PRODUCTS FUND,9/1/2004,edgar/data/356494/0000927384-04-000026.txt,N-CSRS,https://www.sec.gov/Archives/edgar/data/356494/0000927384-04-000026.txt,CDS Text,"Receive quarterly notional amount multiplied by .38% and pay Merrill Lynch, Inc. upon default event of
EnCana Corp., par value of the notional amount of EnCana Corp. 4.75% 10/15/13"
90,356494,VARIABLE INSURANCE PRODUCTS FUND,9/1/2004,edgar/data/356494/0000927384-04-000026.txt,N-CSRS,https://www.sec.gov/Archives/edgar/data/356494/0000927384-04-000026.txt,"Expiration
Date",9-Mar
90,356494,VARIABLE INSURANCE PRODUCTS FUND,9/1/2004,edgar/data/356494/0000927384-04-000026.txt,N-CSRS,https://www.sec.gov/Archives/edgar/data/356494/0000927384-04-000026.txt,"Notional
Amount","$	100,000"
90,356494,VARIABLE INSURANCE PRODUCTS FUND,9/1/2004,edgar/data/356494/0000927384-04-000026.txt,N-CSRS,https://www.sec.gov/Archives/edgar/data/356494/0000927384-04-000026.txt,Value,"$	(633)"
90,356494,VARIABLE INSURANCE PRODUCTS FUND,9/1/2004,edgar/data/356494/0000927384-04-000026.txt,N-CSRS,https://www.sec.gov/Archives/edgar/data/356494/0000927384-04-000026.txt,CDS Text,"Receive quarterly notional amount multiplied by .38% and pay Merrill Lynch, Inc. upon default event of
EnCana Corp., par value of the notional amount of EnCana Corp. 4.75% 10/15/13"
90,356494,VARIABLE INSURANCE PRODUCTS FUND,9/1/2004,edgar/data/356494/0000927384-04-000026.txt,N-CSRS,https://www.sec.gov/Archives/edgar/data/356494/0000927384-04-000026.txt,"Expiration
Date",9-Mar
90,356494,VARIABLE INSURANCE PRODUCTS FUND,9/1/2004,edgar/data/356494/0000927384-04-000026.txt,N-CSRS,https://www.sec.gov/Archives/edgar/data/356494/0000927384-04-000026.txt,"Notional
Amount","$	1,800,000"
90,356494,VARIABLE INSURANCE PRODUCTS FUND,9/1/2004,edgar/data/356494/0000927384-04-000026.txt,N-CSRS,https://www.sec.gov/Archives/edgar/data/356494/0000927384-04-000026.txt,Value,"$	(11,398)"
91,53808,DREYFUS LAUREL FUNDS TRUST,8/26/2004,edgar/data/53808/0000053808-04-000020.txt,N-CSR,https://www.sec.gov/Archives/edgar/data/53808/0000053808-04-000020.txt,NA,NA
92,722574,FIDELITY ADVISOR SERIES I,8/3/2004,edgar/data/722574/0000880709-04-000032.txt,N-CSRS,https://www.sec.gov/Archives/edgar/data/722574/0000880709-04-000032.txt,CDS Text,"Receive quarterly notional amount multiplied by .38% and
pay Merrill Lynch, Inc. upon default event of EnCana
Corp., par value of the notional amount of EnCana Corp.
4.75% 10/15/13"
92,722574,FIDELITY ADVISOR SERIES I,8/3/2004,edgar/data/722574/0000880709-04-000032.txt,N-CSRS,https://www.sec.gov/Archives/edgar/data/722574/0000880709-04-000032.txt,"Expiration
Date",9-Mar
92,722574,FIDELITY ADVISOR SERIES I,8/3/2004,edgar/data/722574/0000880709-04-000032.txt,N-CSRS,https://www.sec.gov/Archives/edgar/data/722574/0000880709-04-000032.txt,"Notional
Amount (000s)","$	600"
92,722574,FIDELITY ADVISOR SERIES I,8/3/2004,edgar/data/722574/0000880709-04-000032.txt,N-CSRS,https://www.sec.gov/Archives/edgar/data/722574/0000880709-04-000032.txt,"Unrealized
Appreciation/
(Depreciation)
(000s)","$	(2)"
92,722574,FIDELITY ADVISOR SERIES I,8/3/2004,edgar/data/722574/0000880709-04-000032.txt,N-CSRS,https://www.sec.gov/Archives/edgar/data/722574/0000880709-04-000032.txt,CDS Text,"Receive quarterly notional amount multiplied by .38% and
pay Merrill Lynch, Inc. upon default event of EnCana
Corp., par value of the notional amount of EnCana Corp.
4.75% 10/15/13"
92,722574,FIDELITY ADVISOR SERIES I,8/3/2004,edgar/data/722574/0000880709-04-000032.txt,N-CSRS,https://www.sec.gov/Archives/edgar/data/722574/0000880709-04-000032.txt,"Expiration
Date",9-Mar
92,722574,FIDELITY ADVISOR SERIES I,8/3/2004,edgar/data/722574/0000880709-04-000032.txt,N-CSRS,https://www.sec.gov/Archives/edgar/data/722574/0000880709-04-000032.txt,"Notional
Amount (000s)","$	600"
92,722574,FIDELITY ADVISOR SERIES I,8/3/2004,edgar/data/722574/0000880709-04-000032.txt,N-CSRS,https://www.sec.gov/Archives/edgar/data/722574/0000880709-04-000032.txt,"Unrealized
Appreciation/
(Depreciation)
(000s)","$	(2)"
93,751199,FIDELITY INCOME FUND /MA/,9/28/2004,edgar/data/751199/0000751199-04-000012.txt,N-CSR,https://www.sec.gov/Archives/edgar/data/751199/0000751199-04-000012.txt,CDS Text,"Receive quarterly notional amount multilpied by .43% and pay Bank of
America upon default event of Apache Corp., par value of the notional
amount of Apache Corp. 6.25% 4/15/12"
93,751199,FIDELITY INCOME FUND /MA/,9/28/2004,edgar/data/751199/0000751199-04-000012.txt,N-CSR,https://www.sec.gov/Archives/edgar/data/751199/0000751199-04-000012.txt,"Expiration
Date",Sept. 2014
93,751199,FIDELITY INCOME FUND /MA/,9/28/2004,edgar/data/751199/0000751199-04-000012.txt,N-CSR,https://www.sec.gov/Archives/edgar/data/751199/0000751199-04-000012.txt,"Notional
Amount","$	400,000"
93,751199,FIDELITY INCOME FUND /MA/,9/28/2004,edgar/data/751199/0000751199-04-000012.txt,N-CSR,https://www.sec.gov/Archives/edgar/data/751199/0000751199-04-000012.txt,Value,"$	(181)"
93,751199,FIDELITY INCOME FUND /MA/,9/28/2004,edgar/data/751199/0000751199-04-000012.txt,N-CSR,https://www.sec.gov/Archives/edgar/data/751199/0000751199-04-000012.txt,CDS Text,"Receive quarterly notional amount multilpied by .43% and pay Bank of
America upon default event of Apache Corp., par value of the notional
amount of Apache Corp. 6.25% 4/15/12"
93,751199,FIDELITY INCOME FUND /MA/,9/28/2004,edgar/data/751199/0000751199-04-000012.txt,N-CSR,https://www.sec.gov/Archives/edgar/data/751199/0000751199-04-000012.txt,"Expiration
Date",Sept. 2014
93,751199,FIDELITY INCOME FUND /MA/,9/28/2004,edgar/data/751199/0000751199-04-000012.txt,N-CSR,https://www.sec.gov/Archives/edgar/data/751199/0000751199-04-000012.txt,"Notional
Amount","$	400,000"
93,751199,FIDELITY INCOME FUND /MA/,9/28/2004,edgar/data/751199/0000751199-04-000012.txt,N-CSR,https://www.sec.gov/Archives/edgar/data/751199/0000751199-04-000012.txt,Value,"$	(181)"
93,751199,FIDELITY INCOME FUND /MA/,9/28/2004,edgar/data/751199/0000751199-04-000012.txt,N-CSR,https://www.sec.gov/Archives/edgar/data/751199/0000751199-04-000012.txt,CDS Text,"Receive quarterly notional amount multilpied by .43% and pay Bank of
America upon default event of Apache Corp., par value of the notional
amount of Apache Corp. 6.25% 4/15/12"
93,751199,FIDELITY INCOME FUND /MA/,9/28/2004,edgar/data/751199/0000751199-04-000012.txt,N-CSR,https://www.sec.gov/Archives/edgar/data/751199/0000751199-04-000012.txt,"Expiration
Date",Sept. 2014
93,751199,FIDELITY INCOME FUND /MA/,9/28/2004,edgar/data/751199/0000751199-04-000012.txt,N-CSR,https://www.sec.gov/Archives/edgar/data/751199/0000751199-04-000012.txt,"Notional
Amount","$	400,000"
93,751199,FIDELITY INCOME FUND /MA/,9/28/2004,edgar/data/751199/0000751199-04-000012.txt,N-CSR,https://www.sec.gov/Archives/edgar/data/751199/0000751199-04-000012.txt,Value,"$	(181)"
93,751199,FIDELITY INCOME FUND /MA/,9/28/2004,edgar/data/751199/0000751199-04-000012.txt,N-CSR,https://www.sec.gov/Archives/edgar/data/751199/0000751199-04-000012.txt,CDS Text,"Receive annually a fixed rate of .6% multiplied by the notional amount and
pay to Lehman Brothers, Inc., upon each default event of one of the issues of
Dow Jones CDX N.A. Investment Grade 2, par value of the proportional
notional amount (d)"
93,751199,FIDELITY INCOME FUND /MA/,9/28/2004,edgar/data/751199/0000751199-04-000012.txt,N-CSR,https://www.sec.gov/Archives/edgar/data/751199/0000751199-04-000012.txt,"Expiration
Date",Sept. 2009
93,751199,FIDELITY INCOME FUND /MA/,9/28/2004,edgar/data/751199/0000751199-04-000012.txt,N-CSR,https://www.sec.gov/Archives/edgar/data/751199/0000751199-04-000012.txt,"Notional
Amount","$	2,000,000"
93,751199,FIDELITY INCOME FUND /MA/,9/28/2004,edgar/data/751199/0000751199-04-000012.txt,N-CSR,https://www.sec.gov/Archives/edgar/data/751199/0000751199-04-000012.txt,Value,"$	(1,860)"
93,751199,FIDELITY INCOME FUND /MA/,9/28/2004,edgar/data/751199/0000751199-04-000012.txt,N-CSR,https://www.sec.gov/Archives/edgar/data/751199/0000751199-04-000012.txt,CDS Text,"Receive annually a fixed rate of .6% multiplied by the notional amount and
pay to Lehman Brothers, Inc., upon each default event of one of the issues of
Dow Jones CDX N.A. Investment Grade 2, par value of the proportional
notional amount (d)"
93,751199,FIDELITY INCOME FUND /MA/,9/28/2004,edgar/data/751199/0000751199-04-000012.txt,N-CSR,https://www.sec.gov/Archives/edgar/data/751199/0000751199-04-000012.txt,"Expiration
Date",Sept. 2009
93,751199,FIDELITY INCOME FUND /MA/,9/28/2004,edgar/data/751199/0000751199-04-000012.txt,N-CSR,https://www.sec.gov/Archives/edgar/data/751199/0000751199-04-000012.txt,"Notional
Amount","$	2,000,000"
93,751199,FIDELITY INCOME FUND /MA/,9/28/2004,edgar/data/751199/0000751199-04-000012.txt,N-CSR,https://www.sec.gov/Archives/edgar/data/751199/0000751199-04-000012.txt,Value,"$	(1,860)"
93,751199,FIDELITY INCOME FUND /MA/,9/28/2004,edgar/data/751199/0000751199-04-000012.txt,N-CSR,https://www.sec.gov/Archives/edgar/data/751199/0000751199-04-000012.txt,CDS Text,"Receive annually a fixed rate of .6% multiplied by the notional amount and
pay to Lehman Brothers, Inc., upon each default event of one of the issues of
Dow Jones CDX N.A. Investment Grade 2, par value of the proportional
notional amount (d)"
93,751199,FIDELITY INCOME FUND /MA/,9/28/2004,edgar/data/751199/0000751199-04-000012.txt,N-CSR,https://www.sec.gov/Archives/edgar/data/751199/0000751199-04-000012.txt,"Expiration
Date",Sept. 2009
93,751199,FIDELITY INCOME FUND /MA/,9/28/2004,edgar/data/751199/0000751199-04-000012.txt,N-CSR,https://www.sec.gov/Archives/edgar/data/751199/0000751199-04-000012.txt,"Notional
Amount","$	2,000,000"
93,751199,FIDELITY INCOME FUND /MA/,9/28/2004,edgar/data/751199/0000751199-04-000012.txt,N-CSR,https://www.sec.gov/Archives/edgar/data/751199/0000751199-04-000012.txt,Value,"$	(1,860)"
94,792359,PHOENIX EDGE SERIES FUND,9/7/2004,edgar/data/792359/0000935069-04-001411.txt,N-CSRS,https://www.sec.gov/Archives/edgar/data/792359/0000935069-04-001411.txt,NA,NA
95,810868,LEGG MASON INCOME TRUST INC,9/3/2004,edgar/data/810868/0000950133-04-003417.txt,N-CSRS,https://www.sec.gov/Archives/edgar/data/810868/0000950133-04-003417.txt,NA,NA
96,81205,FIDELITY PURITAN TRUST,9/28/2004,edgar/data/81205/0000081205-04-000022.txt,N-CSR,https://www.sec.gov/Archives/edgar/data/81205/0000081205-04-000022.txt,CDS Text,"Receive from Morgan Stanley, Inc., upon
default event of Motorola, Inc., par value
of the notional amount of Motorola, Inc.
7.625% 11/15/10, and pay quarterly
notional amount multiplied by .69%"
96,81205,FIDELITY PURITAN TRUST,9/28/2004,edgar/data/81205/0000081205-04-000022.txt,N-CSR,https://www.sec.gov/Archives/edgar/data/81205/0000081205-04-000022.txt,"Expiration
Date",Sept. 2009
96,81205,FIDELITY PURITAN TRUST,9/28/2004,edgar/data/81205/0000081205-04-000022.txt,N-CSR,https://www.sec.gov/Archives/edgar/data/81205/0000081205-04-000022.txt,"Notional
Amount (000s)","$	7,000"
96,81205,FIDELITY PURITAN TRUST,9/28/2004,edgar/data/81205/0000081205-04-000022.txt,N-CSR,https://www.sec.gov/Archives/edgar/data/81205/0000081205-04-000022.txt,"Value
(000s)","$	(14)"
96,81205,FIDELITY PURITAN TRUST,9/28/2004,edgar/data/81205/0000081205-04-000022.txt,N-CSR,https://www.sec.gov/Archives/edgar/data/81205/0000081205-04-000022.txt,CDS Text,"Receive quarterly notional amount multiplied
by .35% and pay Goldman Sachs upon
default event of Devon Energy Corp., par
value of the notional amount of Devon
Energy Corp. 7.95% 4/15/32"
96,81205,FIDELITY PURITAN TRUST,9/28/2004,edgar/data/81205/0000081205-04-000022.txt,N-CSR,https://www.sec.gov/Archives/edgar/data/81205/0000081205-04-000022.txt,"Expiration
Date",6-Jun
96,81205,FIDELITY PURITAN TRUST,9/28/2004,edgar/data/81205/0000081205-04-000022.txt,N-CSR,https://www.sec.gov/Archives/edgar/data/81205/0000081205-04-000022.txt,"Notional
Amount (000s)","$	3,800"
96,81205,FIDELITY PURITAN TRUST,9/28/2004,edgar/data/81205/0000081205-04-000022.txt,N-CSR,https://www.sec.gov/Archives/edgar/data/81205/0000081205-04-000022.txt,"Value
(000s)","$	0"
97,813383,DREYFUS VARIABLE INVESTMENT FUND,8/17/2004,edgar/data/813383/0000813383-04-000015.txt,N-CSR,https://www.sec.gov/Archives/edgar/data/813383/0000813383-04-000015.txt,NA,NA
98,814679,AMERICAN SKANDIA TRUST,9/7/2004,edgar/data/814679/0001193125-04-152315.txt,N-CSRS,https://www.sec.gov/Archives/edgar/data/814679/0001193125-04-152315.txt,NA,NA
99,816754,ACM  INCOME FUND INC,9/9/2004,edgar/data/816754/0000936772-04-000196.txt,N-CSRS,https://www.sec.gov/Archives/edgar/data/816754/0000936772-04-000196.txt,NA,NA
100,825316,ALLIANCEBERNSTEIN VARIABLE PRODUCTS SERIES FUND INC,9/15/2004,edgar/data/825316/0000936772-04-000204.txt,N-CSRS,https://www.sec.gov/Archives/edgar/data/825316/0000936772-04-000204.txt,NA,NA
101,826737,PHOENIX MULTI PORTFOLIO FUND,8/5/2004,edgar/data/826737/0000935069-04-001021.txt,N-CSRS,https://www.sec.gov/Archives/edgar/data/826737/0000935069-04-001021.txt,NA,NA
102,831016,VARIABLE INSURANCE PRODUCTS FUND II,8/23/2004,edgar/data/831016/0000356494-04-000040.txt,N-CSRS,https://www.sec.gov/Archives/edgar/data/831016/0000356494-04-000040.txt,CDS Text,"Receive quarterly notional amount multiplied by .38% and pay Merrill Lynch, Inc. upon default event of EnCana
Corp., par value of the notional amount of EnCana Corp. 4.75% 10/15/13"
102,831016,VARIABLE INSURANCE PRODUCTS FUND II,8/23/2004,edgar/data/831016/0000356494-04-000040.txt,N-CSRS,https://www.sec.gov/Archives/edgar/data/831016/0000356494-04-000040.txt,"Expiration
Date",9-Mar
102,831016,VARIABLE INSURANCE PRODUCTS FUND II,8/23/2004,edgar/data/831016/0000356494-04-000040.txt,N-CSRS,https://www.sec.gov/Archives/edgar/data/831016/0000356494-04-000040.txt,"Notional
Amount","800,000"
102,831016,VARIABLE INSURANCE PRODUCTS FUND II,8/23/2004,edgar/data/831016/0000356494-04-000040.txt,N-CSRS,https://www.sec.gov/Archives/edgar/data/831016/0000356494-04-000040.txt,Value,"-5,066"
102,831016,VARIABLE INSURANCE PRODUCTS FUND II,8/23/2004,edgar/data/831016/0000356494-04-000040.txt,N-CSRS,https://www.sec.gov/Archives/edgar/data/831016/0000356494-04-000040.txt,CDS Text,"Receive quarterly notional amount multiplied by .38% and pay Merrill Lynch, Inc. upon default event of EnCana
Corp., par value of the notional amount of EnCana Corp. 4.75% 10/15/13"
102,831016,VARIABLE INSURANCE PRODUCTS FUND II,8/23/2004,edgar/data/831016/0000356494-04-000040.txt,N-CSRS,https://www.sec.gov/Archives/edgar/data/831016/0000356494-04-000040.txt,Expiration Date,9-Mar
102,831016,VARIABLE INSURANCE PRODUCTS FUND II,8/23/2004,edgar/data/831016/0000356494-04-000040.txt,N-CSRS,https://www.sec.gov/Archives/edgar/data/831016/0000356494-04-000040.txt,"Notional
Amount","$	25,000"
102,831016,VARIABLE INSURANCE PRODUCTS FUND II,8/23/2004,edgar/data/831016/0000356494-04-000040.txt,N-CSRS,https://www.sec.gov/Archives/edgar/data/831016/0000356494-04-000040.txt,Value,"$	(158)"
102,831016,VARIABLE INSURANCE PRODUCTS FUND II,8/23/2004,edgar/data/831016/0000356494-04-000040.txt,N-CSRS,https://www.sec.gov/Archives/edgar/data/831016/0000356494-04-000040.txt,CDS Text,"Receive quarterly notional amount multiplied by .38% and pay Merrill Lynch, Inc. upon default event of
EnCana Corp., par value of the notional amount of EnCana Corp. 4.75% 10/15/13"
102,831016,VARIABLE INSURANCE PRODUCTS FUND II,8/23/2004,edgar/data/831016/0000356494-04-000040.txt,N-CSRS,https://www.sec.gov/Archives/edgar/data/831016/0000356494-04-000040.txt,"Expiration
Date",9-Mar
102,831016,VARIABLE INSURANCE PRODUCTS FUND II,8/23/2004,edgar/data/831016/0000356494-04-000040.txt,N-CSRS,https://www.sec.gov/Archives/edgar/data/831016/0000356494-04-000040.txt,"Notional
Amount","$	1,800,000"
102,831016,VARIABLE INSURANCE PRODUCTS FUND II,8/23/2004,edgar/data/831016/0000356494-04-000040.txt,N-CSRS,https://www.sec.gov/Archives/edgar/data/831016/0000356494-04-000040.txt,Value,"$	(11,398)"
103,831016,VARIABLE INSURANCE PRODUCTS FUND II,9/1/2004,edgar/data/831016/0000831016-04-000013.txt,N-CSRS,https://www.sec.gov/Archives/edgar/data/831016/0000831016-04-000013.txt,CDS Text,"Receive quarterly notional amount multiplied by .38% and pay Merrill Lynch, Inc. upon default event of
EnCana Corp., par value of the notional amount of EnCana Corp. 4.75% 10/15/13"
103,831016,VARIABLE INSURANCE PRODUCTS FUND II,9/1/2004,edgar/data/831016/0000831016-04-000013.txt,N-CSRS,https://www.sec.gov/Archives/edgar/data/831016/0000831016-04-000013.txt,"Expiration
Date",9-Mar
103,831016,VARIABLE INSURANCE PRODUCTS FUND II,9/1/2004,edgar/data/831016/0000831016-04-000013.txt,N-CSRS,https://www.sec.gov/Archives/edgar/data/831016/0000831016-04-000013.txt,"Notional
Amount","800,000"
103,831016,VARIABLE INSURANCE PRODUCTS FUND II,9/1/2004,edgar/data/831016/0000831016-04-000013.txt,N-CSRS,https://www.sec.gov/Archives/edgar/data/831016/0000831016-04-000013.txt,Value,"-5,066"
103,831016,VARIABLE INSURANCE PRODUCTS FUND II,9/1/2004,edgar/data/831016/0000831016-04-000013.txt,N-CSRS,https://www.sec.gov/Archives/edgar/data/831016/0000831016-04-000013.txt,CDS Text,"Receive quarterly notional amount multiplied by .38% and pay Merrill Lynch, Inc. upon default event of EnCana
Corp., par value of the notional amount of EnCana Corp. 4.75% 10/15/13"
103,831016,VARIABLE INSURANCE PRODUCTS FUND II,9/1/2004,edgar/data/831016/0000831016-04-000013.txt,N-CSRS,https://www.sec.gov/Archives/edgar/data/831016/0000831016-04-000013.txt,"Expiration
Date",9-Mar
103,831016,VARIABLE INSURANCE PRODUCTS FUND II,9/1/2004,edgar/data/831016/0000831016-04-000013.txt,N-CSRS,https://www.sec.gov/Archives/edgar/data/831016/0000831016-04-000013.txt,"Notional
Amount","$	25,000"
103,831016,VARIABLE INSURANCE PRODUCTS FUND II,9/1/2004,edgar/data/831016/0000831016-04-000013.txt,N-CSRS,https://www.sec.gov/Archives/edgar/data/831016/0000831016-04-000013.txt,Value,"$	(158)"
103,831016,VARIABLE INSURANCE PRODUCTS FUND II,9/1/2004,edgar/data/831016/0000831016-04-000013.txt,N-CSRS,https://www.sec.gov/Archives/edgar/data/831016/0000831016-04-000013.txt,CDS Text,"Receive quarterly notional amount multiplied by .38% and pay Merrill Lynch, Inc. upon default event of
EnCana Corp., par value of the notional amount of EnCana Corp. 4.75% 10/15/13"
103,831016,VARIABLE INSURANCE PRODUCTS FUND II,9/1/2004,edgar/data/831016/0000831016-04-000013.txt,N-CSRS,https://www.sec.gov/Archives/edgar/data/831016/0000831016-04-000013.txt,"Expiration
Date",9-Mar
103,831016,VARIABLE INSURANCE PRODUCTS FUND II,9/1/2004,edgar/data/831016/0000831016-04-000013.txt,N-CSRS,https://www.sec.gov/Archives/edgar/data/831016/0000831016-04-000013.txt,"Notional
Amount","$	100,000"
103,831016,VARIABLE INSURANCE PRODUCTS FUND II,9/1/2004,edgar/data/831016/0000831016-04-000013.txt,N-CSRS,https://www.sec.gov/Archives/edgar/data/831016/0000831016-04-000013.txt,Value,"$	(633)"
103,831016,VARIABLE INSURANCE PRODUCTS FUND II,9/1/2004,edgar/data/831016/0000831016-04-000013.txt,N-CSRS,https://www.sec.gov/Archives/edgar/data/831016/0000831016-04-000013.txt,CDS Text,"Receive quarterly notional amount multiplied by .38% and pay Merrill Lynch, Inc. upon default event of
EnCana Corp., par value of the notional amount of EnCana Corp. 4.75% 10/15/13"
103,831016,VARIABLE INSURANCE PRODUCTS FUND II,9/1/2004,edgar/data/831016/0000831016-04-000013.txt,N-CSRS,https://www.sec.gov/Archives/edgar/data/831016/0000831016-04-000013.txt,"Expiration
Date",9-Mar
103,831016,VARIABLE INSURANCE PRODUCTS FUND II,9/1/2004,edgar/data/831016/0000831016-04-000013.txt,N-CSRS,https://www.sec.gov/Archives/edgar/data/831016/0000831016-04-000013.txt,"Notional
Amount","$	1,800,000"
103,831016,VARIABLE INSURANCE PRODUCTS FUND II,9/1/2004,edgar/data/831016/0000831016-04-000013.txt,N-CSRS,https://www.sec.gov/Archives/edgar/data/831016/0000831016-04-000013.txt,Value,"$	(11,398)"
104,831016,VARIABLE INSURANCE PRODUCTS FUND II,9/1/2004,edgar/data/831016/0000927384-04-000027.txt,N-CSRS,https://www.sec.gov/Archives/edgar/data/831016/0000927384-04-000027.txt,CDS Text,"Receive quarterly notional amount multiplied by .38% and pay Merrill Lynch, Inc. upon default event of
EnCana Corp., par value of the notional amount of EnCana Corp. 4.75% 10/15/13"
104,831016,VARIABLE INSURANCE PRODUCTS FUND II,9/1/2004,edgar/data/831016/0000927384-04-000027.txt,N-CSRS,https://www.sec.gov/Archives/edgar/data/831016/0000927384-04-000027.txt,"Expiration
Date",9-Mar
104,831016,VARIABLE INSURANCE PRODUCTS FUND II,9/1/2004,edgar/data/831016/0000927384-04-000027.txt,N-CSRS,https://www.sec.gov/Archives/edgar/data/831016/0000927384-04-000027.txt,"Notional
Amount","800,000"
104,831016,VARIABLE INSURANCE PRODUCTS FUND II,9/1/2004,edgar/data/831016/0000927384-04-000027.txt,N-CSRS,https://www.sec.gov/Archives/edgar/data/831016/0000927384-04-000027.txt,Value,"-5,066"
104,831016,VARIABLE INSURANCE PRODUCTS FUND II,9/1/2004,edgar/data/831016/0000927384-04-000027.txt,N-CSRS,https://www.sec.gov/Archives/edgar/data/831016/0000927384-04-000027.txt,CDS Text,"Receive quarterly notional amount multiplied by .38% and pay Merrill Lynch, Inc. upon default event of EnCana
Corp., par value of the notional amount of EnCana Corp. 4.75% 10/15/13"
104,831016,VARIABLE INSURANCE PRODUCTS FUND II,9/1/2004,edgar/data/831016/0000927384-04-000027.txt,N-CSRS,https://www.sec.gov/Archives/edgar/data/831016/0000927384-04-000027.txt,"Expiration
Date",9-Mar
104,831016,VARIABLE INSURANCE PRODUCTS FUND II,9/1/2004,edgar/data/831016/0000927384-04-000027.txt,N-CSRS,https://www.sec.gov/Archives/edgar/data/831016/0000927384-04-000027.txt,"Notional
Amount","$	25,000"
104,831016,VARIABLE INSURANCE PRODUCTS FUND II,9/1/2004,edgar/data/831016/0000927384-04-000027.txt,N-CSRS,https://www.sec.gov/Archives/edgar/data/831016/0000927384-04-000027.txt,Value,"$	(158)"
104,831016,VARIABLE INSURANCE PRODUCTS FUND II,9/1/2004,edgar/data/831016/0000927384-04-000027.txt,N-CSRS,https://www.sec.gov/Archives/edgar/data/831016/0000927384-04-000027.txt,CDS Text,"Receive quarterly notional amount multiplied by .38% and pay Merrill Lynch, Inc. upon default event of
EnCana Corp., par value of the notional amount of EnCana Corp. 4.75% 10/15/13"
104,831016,VARIABLE INSURANCE PRODUCTS FUND II,9/1/2004,edgar/data/831016/0000927384-04-000027.txt,N-CSRS,https://www.sec.gov/Archives/edgar/data/831016/0000927384-04-000027.txt,"Expiration
Date",9-Mar
104,831016,VARIABLE INSURANCE PRODUCTS FUND II,9/1/2004,edgar/data/831016/0000927384-04-000027.txt,N-CSRS,https://www.sec.gov/Archives/edgar/data/831016/0000927384-04-000027.txt,"Notional
Amount","$	100,000"
104,831016,VARIABLE INSURANCE PRODUCTS FUND II,9/1/2004,edgar/data/831016/0000927384-04-000027.txt,N-CSRS,https://www.sec.gov/Archives/edgar/data/831016/0000927384-04-000027.txt,Value,"$	(633)"
104,831016,VARIABLE INSURANCE PRODUCTS FUND II,9/1/2004,edgar/data/831016/0000927384-04-000027.txt,N-CSRS,https://www.sec.gov/Archives/edgar/data/831016/0000927384-04-000027.txt,CDS Text,"Receive quarterly notional amount multiplied by .38% and pay Merrill Lynch, Inc. upon default event of
EnCana Corp., par value of the notional amount of EnCana Corp. 4.75% 10/15/13"
104,831016,VARIABLE INSURANCE PRODUCTS FUND II,9/1/2004,edgar/data/831016/0000927384-04-000027.txt,N-CSRS,https://www.sec.gov/Archives/edgar/data/831016/0000927384-04-000027.txt,"Expiration
Date",9-Mar
104,831016,VARIABLE INSURANCE PRODUCTS FUND II,9/1/2004,edgar/data/831016/0000927384-04-000027.txt,N-CSRS,https://www.sec.gov/Archives/edgar/data/831016/0000927384-04-000027.txt,"Notional
Amount","$	1,800,000"
104,831016,VARIABLE INSURANCE PRODUCTS FUND II,9/1/2004,edgar/data/831016/0000927384-04-000027.txt,N-CSRS,https://www.sec.gov/Archives/edgar/data/831016/0000927384-04-000027.txt,Value,"$	(11,398)"
105,837274,FRANKLIN TEMPLETON VARIABLE INSURANCE PRODUCTS TRUST,8/25/2004,edgar/data/837274/0001193125-04-146462.txt,N-CSRS,https://www.sec.gov/Archives/edgar/data/837274/0001193125-04-146462.txt,NA,NA
106,884122,PHOENIX MULTI SERIES TRUST,7/7/2004,edgar/data/884122/0000935069-04-000970.txt,N-CSRS,https://www.sec.gov/Archives/edgar/data/884122/0000935069-04-000970.txt,NA,NA
107,889169,DREYFUS INVESTMENT GRADE FUNDS INC,9/29/2004,edgar/data/889169/0000889169-04-000009.txt,N-CSR,https://www.sec.gov/Archives/edgar/data/889169/0000889169-04-000009.txt,NA,NA
